{"type":"FeatureCollection","features":[{"type":"Feature","properties":{"key":"473260011","name":"北前","label":"北前","area_km2":0.1678,"pop_2020":846,"pop_2015":793,"male_2020":409,"female_2020":437,"households_2020":445,"u15_2020":136,"w15_64_2020":544,"o65_2020":98,"o75_2020":44,"ratio_u15":16.1,"ratio_w15_64":64.3,"ratio_o65":11.6,"ratio_o75":5.2,"ratio_o65_2015":11.0,"hh_single_ratio":56.5,"hh_avg_members":1.89,"hh_with_o65_ratio":16.2,"hh_with_u18_ratio":21.2,"hh_with_u6_ratio":8.3,"pop_change":53,"pop_change_ratio":6.7,"aging_change_pt":0.6,"pop_density":5043},"geometry":{"type":"Polygon","coordinates":[[[127.759233,26.30229],[127.759091,26.301852],[127.758331,26.302051],[127.758021,26.301032],[127.757763,26.301077],[127.757932,26.300659],[127.757866,26.300643],[127.75786,26.30067],[127.757831,26.300659],[127.757854,26.3006],[127.757878,26.300606],[127.757872,26.300622],[127.757938,26.300638],[127.758169,26.300078],[127.758169,26.300046],[127.758062,26.298825],[127.757961,26.297682],[127.757954,26.297677],[127.757949,26.297677],[127.757546,26.297813],[127.757546,26.297835],[127.757542,26.297857],[127.757539,26.297868],[127.757531,26.297887],[127.757526,26.297897],[127.75752,26.297907],[127.757514,26.297916],[127.7575,26.297934],[127.757492,26.297943],[127.757465,26.297964],[127.757444,26.297976],[127.757434,26.297981],[127.757412,26.29799],[127.757377,26.297998],[127.757353,26.298],[127.757341,26.298],[127.757317,26.297998],[127.757304,26.297996],[127.75728,26.297991],[127.757269,26.297987],[127.757258,26.297983],[127.757247,26.297977],[127.757227,26.297966],[127.757208,26.297953],[127.757191,26.297937],[127.757184,26.297929],[127.75717,26.297911],[127.757164,26.297902],[127.757159,26.297892],[127.757155,26.297882],[127.757151,26.297871],[127.757148,26.297861],[127.757145,26.29785],[127.757143,26.297839],[127.757142,26.297829],[127.757142,26.297807],[127.757143,26.297796],[127.757145,26.297785],[127.757148,26.297774],[127.757151,26.297764],[127.757155,26.297754],[127.757159,26.297744],[127.757165,26.297734],[127.757177,26.297716],[127.757184,26.297707],[127.7572,26.29769],[127.757209,26.297682],[127.757227,26.297669],[127.757237,26.297663],[127.757303,26.297633],[127.758102,26.297359],[127.758102,26.297257],[127.758639,26.297183],[127.758721,26.297172],[127.758801,26.297161],[127.758895,26.297148],[127.758907,26.297132],[127.759227,26.297084],[127.759466,26.297047],[127.759439,26.296921],[127.759591,26.296907],[127.759758,26.296925],[127.759949,26.296988],[127.760078,26.297067],[127.760249,26.297269],[127.760403,26.29743],[127.760515,26.297478],[127.760669,26.29747],[127.760735,26.297436],[127.760877,26.297368],[127.760913,26.297548],[127.760955,26.297848],[127.76097,26.298048],[127.760982,26.298222],[127.761011,26.298654],[127.761053,26.299257],[127.761204,26.300243],[127.761256,26.300448],[127.761428,26.301117],[127.761556,26.301675],[127.761014,26.301819],[127.759233,26.30229]]]}},{"type":"Feature","properties":{"key":"473260012","name":"字北前","label":"字北前","area_km2":0.0971,"pop_2020":640,"pop_2015":663,"male_2020":317,"female_2020":323,"households_2020":323,"u15_2020":81,"w15_64_2020":405,"o65_2020":131,"o75_2020":63,"ratio_u15":12.7,"ratio_w15_64":63.3,"ratio_o65":20.5,"ratio_o75":9.8,"ratio_o65_2015":19.5,"hh_single_ratio":46.4,"hh_avg_members":1.98,"hh_with_o65_ratio":31.0,"hh_with_u18_ratio":16.7,"hh_with_u6_ratio":9.0,"pop_change":-23,"pop_change_ratio":-3.5,"aging_change_pt":1.0,"pop_density":6591},"geometry":{"type":"Polygon","coordinates":[[[127.760838,26.297173],[127.760877,26.297368],[127.760735,26.297436],[127.760669,26.29747],[127.760515,26.297478],[127.760403,26.29743],[127.760249,26.297269],[127.760078,26.297067],[127.759949,26.296988],[127.759758,26.296925],[127.759591,26.296907],[127.759439,26.296921],[127.758779,26.297029],[127.75862,26.297085],[127.758496,26.29708],[127.758258,26.29706],[127.758169,26.297053],[127.758079,26.297048],[127.757629,26.297021],[127.757625,26.296989],[127.757545,26.296982],[127.757317,26.296917],[127.7573,26.296886],[127.757264,26.296566],[127.757207,26.296063],[127.757178,26.295811],[127.757152,26.295583],[127.757143,26.2955],[127.757103,26.295151],[127.757121,26.295137],[127.757066,26.295076],[127.757338,26.294744],[127.757368,26.294707],[127.757511,26.294568],[127.757622,26.294485],[127.757859,26.294307],[127.757957,26.294237],[127.758051,26.294171],[127.758169,26.294087],[127.758266,26.293992],[127.75833,26.293928],[127.758372,26.294076],[127.758468,26.294416],[127.758763,26.294364],[127.759889,26.294163],[127.759982,26.294406],[127.760004,26.294474],[127.760258,26.295257],[127.76029,26.295356],[127.760487,26.296023],[127.760507,26.296089],[127.760678,26.296664],[127.760838,26.297173]]]}},{"type":"Feature","properties":{"key":"47326002101","name":"北谷一丁目","label":"北谷一丁目","area_km2":0.1426,"pop_2020":629,"pop_2015":600,"male_2020":315,"female_2020":314,"households_2020":330,"u15_2020":112,"w15_64_2020":415,"o65_2020":67,"o75_2020":27,"ratio_u15":17.8,"ratio_w15_64":66.0,"ratio_o65":10.7,"ratio_o75":4.3,"ratio_o65_2015":10.2,"hh_single_ratio":57.6,"hh_avg_members":1.91,"hh_with_o65_ratio":14.8,"hh_with_u18_ratio":22.1,"hh_with_u6_ratio":12.4,"pop_change":29,"pop_change_ratio":4.8,"aging_change_pt":0.5,"pop_density":4411},"geometry":{"type":"Polygon","coordinates":[[[127.763581,26.309612],[127.763424,26.309887],[127.763334,26.30999],[127.762893,26.309809],[127.762488,26.309631],[127.76237,26.309596],[127.762202,26.309572],[127.762089,26.309567],[127.761978,26.309572],[127.761908,26.309582],[127.761829,26.309594],[127.761821,26.309592],[127.761817,26.30959],[127.761813,26.309588],[127.76181,26.309585],[127.761805,26.309579],[127.761803,26.309571],[127.761802,26.309567],[127.761802,26.309563],[127.761803,26.30956],[127.761805,26.309555],[127.761809,26.309549],[127.761815,26.309543],[127.761823,26.30954],[127.76181,26.309435],[127.761266,26.309442],[127.761173,26.30944],[127.761121,26.309432],[127.761063,26.309414],[127.760974,26.309387],[127.760906,26.309407],[127.760801,26.309367],[127.760734,26.309351],[127.760709,26.309348],[127.760649,26.309343],[127.760505,26.30934],[127.76038,26.309342],[127.760267,26.309342],[127.760228,26.30934],[127.760193,26.309335],[127.760162,26.309326],[127.760125,26.30931],[127.760088,26.309289],[127.760053,26.309265],[127.760028,26.309241],[127.760012,26.309215],[127.76,26.30919],[127.759991,26.30916],[127.759986,26.30913],[127.759986,26.309097],[127.759991,26.30905],[127.760003,26.308991],[127.760016,26.308933],[127.760036,26.308858],[127.760055,26.308797],[127.760071,26.308748],[127.760082,26.308711],[127.76009,26.308671],[127.760093,26.308629],[127.76009,26.308574],[127.760086,26.308535],[127.760075,26.308472],[127.76005,26.308402],[127.75997,26.308203],[127.759821,26.307841],[127.759713,26.307579],[127.759658,26.307442],[127.759647,26.307405],[127.75964,26.307374],[127.759637,26.307337],[127.759643,26.307304],[127.759655,26.307268],[127.759672,26.307235],[127.759692,26.307206],[127.75972,26.307176],[127.759759,26.307137],[127.759788,26.307106],[127.759804,26.307093],[127.760074,26.306951],[127.76018,26.306902],[127.760829,26.306601],[127.761307,26.306367],[127.762212,26.305925],[127.762444,26.305827],[127.763021,26.305582],[127.763277,26.305975],[127.763446,26.306316],[127.763606,26.306623],[127.763747,26.306969],[127.763803,26.307117],[127.763903,26.307422],[127.763945,26.307678],[127.763949,26.307702],[127.763992,26.308166],[127.763973,26.308293],[127.763925,26.308612],[127.763828,26.309025],[127.763706,26.309376],[127.763581,26.309612]]]}},{"type":"Feature","properties":{"key":"47326002102","name":"北谷二丁目","label":"北谷二丁目","area_km2":0.2255,"pop_2020":1032,"pop_2015":834,"male_2020":491,"female_2020":541,"households_2020":511,"u15_2020":193,"w15_64_2020":673,"o65_2020":110,"o75_2020":42,"ratio_u15":18.7,"ratio_w15_64":65.2,"ratio_o65":10.7,"ratio_o75":4.1,"ratio_o65_2015":10.0,"hh_single_ratio":50.9,"hh_avg_members":2.02,"hh_with_o65_ratio":15.9,"hh_with_u18_ratio":24.3,"hh_with_u6_ratio":13.3,"pop_change":198,"pop_change_ratio":23.7,"aging_change_pt":0.7,"pop_density":4576},"geometry":{"type":"Polygon","coordinates":[[[127.759057,26.307078],[127.759041,26.307097],[127.759026,26.307121],[127.75901,26.307145],[127.758991,26.307164],[127.758969,26.30718],[127.758945,26.307191],[127.758919,26.307199],[127.758893,26.307204],[127.758863,26.307207],[127.758829,26.307205],[127.758796,26.3072],[127.758762,26.30719],[127.758729,26.307176],[127.758698,26.307157],[127.75867,26.307136],[127.758647,26.307113],[127.758627,26.307088],[127.758607,26.307059],[127.758587,26.307026],[127.758571,26.306991],[127.758559,26.306955],[127.758553,26.306919],[127.758557,26.306884],[127.758565,26.306869],[127.758575,26.306856],[127.75859,26.306844],[127.758606,26.306835],[127.758626,26.306827],[127.758648,26.306821],[127.758671,26.306818],[127.758692,26.306816],[127.758713,26.306815],[127.758733,26.306818],[127.758751,26.306825],[127.758768,26.306837],[127.758784,26.306851],[127.758805,26.30687],[127.758823,26.30689],[127.758837,26.306914],[127.758843,26.306933],[127.758847,26.306953],[127.75885,26.306974],[127.758898,26.306927],[127.758926,26.30691],[127.758945,26.306901],[127.758966,26.306895],[127.758987,26.306888],[127.759016,26.30688],[127.759034,26.306876],[127.759049,26.306875],[127.759063,26.306876],[127.759078,26.306879],[127.7588,26.306111],[127.758738,26.305943],[127.758032,26.304031],[127.757541,26.302701],[127.757327,26.302121],[127.757306,26.302141],[127.75726,26.302177],[127.757212,26.302208],[127.757156,26.302228],[127.757089,26.302244],[127.757018,26.302251],[127.756954,26.302244],[127.756893,26.302229],[127.756838,26.3022],[127.75679,26.30216],[127.756748,26.302118],[127.756711,26.30207],[127.756685,26.302005],[127.756674,26.301954],[127.75667,26.301882],[127.756674,26.301838],[127.756679,26.3018],[127.756691,26.301761],[127.756709,26.301721],[127.756726,26.301692],[127.756744,26.301662],[127.756758,26.301644],[127.756802,26.301601],[127.756842,26.301569],[127.756878,26.301542],[127.756898,26.301529],[127.756942,26.30151],[127.756989,26.301496],[127.757041,26.301486],[127.7571,26.301481],[127.757188,26.30148],[127.757348,26.301123],[127.757396,26.301128],[127.757408,26.301184],[127.757443,26.301206],[127.757559,26.301355],[127.757669,26.30135],[127.757677,26.30132],[127.757689,26.301278],[127.757707,26.301213],[127.757689,26.301218],[127.757683,26.301218],[127.757677,26.301218],[127.757671,26.301229],[127.757665,26.301245],[127.757657,26.301253],[127.757647,26.30126],[127.757635,26.301261],[127.757621,26.301261],[127.757605,26.301256],[127.757599,26.301252],[127.757594,26.301245],[127.757592,26.301228],[127.757589,26.301207],[127.757576,26.301191],[127.75757,26.301176],[127.757571,26.30117],[127.757581,26.301143],[127.757588,26.301138],[127.757594,26.301138],[127.7576,26.30114],[127.757631,26.301149],[127.757641,26.301149],[127.757653,26.301127],[127.757659,26.301116],[127.757665,26.301105],[127.757673,26.301099],[127.757683,26.301094],[127.757691,26.301093],[127.757707,26.30109],[127.757713,26.30109],[127.757736,26.301094],[127.757754,26.3011],[127.757763,26.301077],[127.758021,26.301032],[127.758331,26.302051],[127.759091,26.301852],[127.759233,26.30229],[127.761014,26.301819],[127.761556,26.301675],[127.761649,26.302077],[127.761758,26.302537],[127.761887,26.302968],[127.761915,26.303062],[127.761993,26.30333],[127.762056,26.303579],[127.762134,26.303803],[127.762287,26.304202],[127.762343,26.304359],[127.762491,26.30464],[127.76267,26.30497],[127.763021,26.305582],[127.762444,26.305827],[127.762212,26.305925],[127.761307,26.306367],[127.760829,26.306601],[127.76018,26.306902],[127.760074,26.306951],[127.760047,26.306886],[127.759744,26.307001],[127.759514,26.307086],[127.759453,26.307062],[127.759355,26.307103],[127.759333,26.307111],[127.759307,26.307117],[127.759276,26.307121],[127.759245,26.307123],[127.759218,26.30712],[127.759192,26.307114],[127.759167,26.307105],[127.759138,26.307091],[127.759107,26.307078],[127.759079,26.30707],[127.759057,26.307078]]]}},{"type":"Feature","properties":{"key":"473260022","name":"字北谷","label":"字北谷","area_km2":2.2538,"pop_2020":null,"pop_2015":null,"male_2020":null,"female_2020":null,"households_2020":null,"u15_2020":null,"w15_64_2020":null,"o65_2020":null,"o75_2020":null,"ratio_u15":null,"ratio_w15_64":null,"ratio_o65":null,"ratio_o75":null,"ratio_o65_2015":null,"hh_single_ratio":null,"hh_avg_members":null,"hh_with_o65_ratio":null,"hh_with_u18_ratio":null,"hh_with_u6_ratio":null,"pop_change":null,"pop_change_ratio":null,"aging_change_pt":null,"pop_density":null},"geometry":{"type":"Polygon","coordinates":[[[127.76858,26.310903],[127.768408,26.310911],[127.768275,26.310892],[127.768214,26.310863],[127.768142,26.310801],[127.768091,26.310662],[127.767691,26.310425],[127.767205,26.310483],[127.766978,26.310509],[127.76687,26.310519],[127.766777,26.310512],[127.766678,26.310469],[127.766479,26.310493],[127.766343,26.310472],[127.766251,26.310457],[127.766062,26.310467],[127.765943,26.310494],[127.765745,26.310598],[127.765719,26.310677],[127.76544,26.310731],[127.765048,26.310731],[127.764821,26.310709],[127.764532,26.310616],[127.764473,26.310597],[127.764109,26.310485],[127.763363,26.310287],[127.763334,26.30999],[127.763424,26.309887],[127.763581,26.309612],[127.763706,26.309376],[127.763828,26.309025],[127.763925,26.308612],[127.763973,26.308293],[127.763992,26.308166],[127.763949,26.307702],[127.763945,26.307678],[127.763903,26.307422],[127.763803,26.307117],[127.763747,26.306969],[127.763606,26.306623],[127.763446,26.306316],[127.763277,26.305975],[127.763021,26.305582],[127.76267,26.30497],[127.762491,26.30464],[127.762343,26.304359],[127.762287,26.304202],[127.762134,26.303803],[127.762056,26.303579],[127.761993,26.30333],[127.761915,26.303062],[127.761887,26.302968],[127.761758,26.302537],[127.761649,26.302077],[127.761556,26.301675],[127.761428,26.301117],[127.761256,26.300448],[127.761204,26.300243],[127.761053,26.299257],[127.761011,26.298654],[127.760982,26.298222],[127.76097,26.298048],[127.760955,26.297848],[127.760913,26.297548],[127.760877,26.297368],[127.760838,26.297173],[127.760678,26.296664],[127.760507,26.296089],[127.760487,26.296023],[127.76029,26.295356],[127.760258,26.295257],[127.760004,26.294474],[127.759982,26.294406],[127.759889,26.294163],[127.759789,26.293929],[127.759727,26.293782],[127.761641,26.293033],[127.761921,26.293494],[127.762128,26.293523],[127.762356,26.293509],[127.762524,26.294096],[127.76281,26.294072],[127.762825,26.294082],[127.763043,26.294449],[127.763315,26.294591],[127.763443,26.294525],[127.763482,26.294529],[127.763593,26.29459],[127.763727,26.294671],[127.763763,26.294717],[127.763701,26.294906],[127.76407,26.295159],[127.764286,26.29519],[127.764292,26.295208],[127.764359,26.295488],[127.764269,26.296097],[127.764312,26.296225],[127.764359,26.296303],[127.764458,26.296422],[127.764605,26.296548],[127.764885,26.296329],[127.765095,26.296423],[127.76527,26.296297],[127.76556,26.296383],[127.765775,26.296865],[127.765767,26.297013],[127.765802,26.297093],[127.765842,26.297119],[127.765899,26.297113],[127.766033,26.297086],[127.766086,26.297084],[127.766127,26.297097],[127.766217,26.297168],[127.766275,26.297216],[127.766261,26.297255],[127.766191,26.297326],[127.76613,26.297481],[127.766052,26.297576],[127.76625,26.297581],[127.766627,26.297649],[127.767156,26.297722],[127.767335,26.297719],[127.767472,26.297697],[127.767565,26.297679],[127.767704,26.29763],[127.767806,26.297627],[127.767993,26.297624],[127.768089,26.297561],[127.768197,26.297516],[127.768341,26.297476],[127.768437,26.297426],[127.768527,26.297391],[127.768886,26.297291],[127.768978,26.297265],[127.769249,26.297264],[127.769403,26.297229],[127.769561,26.297108],[127.769605,26.297073],[127.769698,26.297018],[127.769815,26.296907],[127.76994,26.296751],[127.770056,26.296656],[127.770135,26.296609],[127.770208,26.296582],[127.770398,26.296608],[127.770541,26.2966],[127.770667,26.296576],[127.770833,26.296579],[127.771038,26.296589],[127.771175,26.296559],[127.771276,26.296547],[127.771378,26.296552],[127.771495,26.296592],[127.771644,26.296591],[127.771831,26.29662],[127.771995,26.29662],[127.772205,26.296627],[127.772319,26.296656],[127.772433,26.296719],[127.772571,26.296829],[127.772721,26.296896],[127.7728,26.296922],[127.772949,26.297009],[127.77309,26.297106],[127.773336,26.297224],[127.773555,26.29735],[127.773757,26.297373],[127.773956,26.297346],[127.774063,26.297287],[127.774245,26.297208],[127.77444,26.297175],[127.774544,26.297175],[127.77483,26.297233],[127.774957,26.297227],[127.775289,26.29727],[127.775389,26.29727],[127.775523,26.297211],[127.775607,26.297173],[127.775698,26.297141],[127.775916,26.297091],[127.776158,26.296954],[127.776388,26.296824],[127.776642,26.296724],[127.776765,26.296706],[127.7771,26.296729],[127.777311,26.296697],[127.777601,26.296634],[127.777716,26.296586],[127.777761,26.296521],[127.777836,26.296424],[127.777914,26.296372],[127.777985,26.296336],[127.778054,26.296327],[127.778106,26.296324],[127.778421,26.296321],[127.778593,26.296288],[127.778782,26.296261],[127.779191,26.296243],[127.779372,26.29618],[127.77967,26.297039],[127.779712,26.297242],[127.779799,26.297659],[127.778931,26.297691],[127.779053,26.297894],[127.779139,26.298086],[127.779256,26.29841],[127.779274,26.298591],[127.779299,26.298723],[127.77933,26.298876],[127.779343,26.299195],[127.779274,26.299643],[127.779225,26.299747],[127.779158,26.299797],[127.779165,26.299879],[127.779171,26.300049],[127.779141,26.300186],[127.779068,26.300263],[127.778831,26.300297],[127.778621,26.300377],[127.778444,26.300482],[127.778183,26.300735],[127.777994,26.300878],[127.777818,26.301026],[127.777563,26.301203],[127.777386,26.301401],[127.777338,26.301505],[127.777278,26.301758],[127.777174,26.301972],[127.777117,26.302041],[127.776969,26.302114],[127.776903,26.302163],[127.776792,26.302261],[127.776703,26.302361],[127.776668,26.302425],[127.776651,26.302485],[127.776431,26.303491],[127.776402,26.303581],[127.776386,26.303628],[127.776297,26.303742],[127.776226,26.30383],[127.776203,26.303879],[127.776191,26.303928],[127.776193,26.303994],[127.776206,26.304139],[127.776204,26.304244],[127.776182,26.304291],[127.776149,26.30434],[127.776088,26.304417],[127.776856,26.305245],[127.776856,26.305325],[127.776851,26.305418],[127.776814,26.305545],[127.776814,26.305643],[127.776821,26.30572],[127.776876,26.305808],[127.776956,26.306033],[127.776974,26.306209],[127.776981,26.306423],[127.776957,26.3065],[127.776902,26.306626],[127.776773,26.306885],[127.776693,26.307044],[127.776229,26.308012],[127.776296,26.307253],[127.77544,26.30706],[127.775063,26.307218],[127.775087,26.307247],[127.774999,26.307293],[127.775097,26.307906],[127.774573,26.308052],[127.774477,26.308148],[127.774027,26.308368],[127.77393,26.308456],[127.773848,26.308593],[127.773779,26.308783],[127.773706,26.308883],[127.773499,26.309024],[127.773237,26.309141],[127.773026,26.30915],[127.772874,26.309125],[127.772878,26.309046],[127.772832,26.309046],[127.77279,26.308856],[127.772643,26.308819],[127.772255,26.308979],[127.772044,26.309154],[127.771818,26.309137],[127.771763,26.309212],[127.771476,26.30931],[127.77126,26.309414],[127.770828,26.309456],[127.770612,26.309536],[127.770359,26.309565],[127.769964,26.309723],[127.7696,26.309662],[127.769342,26.309625],[127.76925,26.309633],[127.769186,26.309679],[127.768725,26.310254],[127.768666,26.310341],[127.768625,26.310528],[127.76858,26.310903]]]}},{"type":"Feature","properties":{"key":"473260040","name":"字玉上","label":"字玉上","area_km2":0.6487,"pop_2020":423,"pop_2015":471,"male_2020":209,"female_2020":214,"households_2020":158,"u15_2020":58,"w15_64_2020":254,"o65_2020":104,"o75_2020":45,"ratio_u15":13.7,"ratio_w15_64":60.0,"ratio_o65":24.6,"ratio_o75":10.6,"ratio_o65_2015":18.5,"hh_single_ratio":26.6,"hh_avg_members":2.68,"hh_with_o65_ratio":46.2,"hh_with_u18_ratio":27.8,"hh_with_u6_ratio":12.7,"pop_change":-48,"pop_change_ratio":-10.2,"aging_change_pt":6.1,"pop_density":652},"geometry":{"type":"Polygon","coordinates":[[[127.784994,26.316622],[127.784668,26.317069],[127.784377,26.317007],[127.78432,26.316953],[127.784278,26.316915],[127.78425,26.316798],[127.784187,26.316698],[127.784156,26.316609],[127.784154,26.316571],[127.784156,26.316478],[127.784203,26.316423],[127.784111,26.31627],[127.784073,26.316288],[127.78404,26.316288],[127.784019,26.316283],[127.783993,26.316258],[127.7839,26.316294],[127.783352,26.315814],[127.78316,26.315679],[127.782958,26.315661],[127.78258,26.315691],[127.782207,26.315741],[127.781783,26.315668],[127.781515,26.31575],[127.781268,26.31557],[127.781068,26.315657],[127.780927,26.315698],[127.780529,26.315738],[127.780142,26.315915],[127.779892,26.316116],[127.779565,26.316314],[127.779242,26.316253],[127.778909,26.316094],[127.778663,26.316152],[127.778271,26.315836],[127.777936,26.315597],[127.777543,26.315188],[127.777261,26.31504],[127.776928,26.314799],[127.776736,26.314553],[127.77613,26.31437],[127.775687,26.313882],[127.77534,26.313721],[127.775269,26.313676],[127.775141,26.313635],[127.775051,26.31363],[127.774915,26.313525],[127.774724,26.313339],[127.774479,26.313049],[127.774262,26.312829],[127.774161,26.312698],[127.774105,26.312588],[127.774078,26.312452],[127.774067,26.312266],[127.774061,26.312184],[127.774036,26.312017],[127.773974,26.311793],[127.773902,26.311707],[127.773764,26.311614],[127.773535,26.311446],[127.773586,26.31123],[127.77357,26.311046],[127.773498,26.31084],[127.773335,26.310589],[127.773177,26.310418],[127.773095,26.310477],[127.773065,26.310444],[127.77298,26.310384],[127.77279,26.310419],[127.772714,26.310429],[127.772799,26.310299],[127.772894,26.310127],[127.773092,26.309836],[127.77332,26.30969],[127.773747,26.309501],[127.773956,26.309407],[127.774088,26.309338],[127.774192,26.309201],[127.774202,26.309107],[127.774211,26.308935],[127.774191,26.308773],[127.77421,26.308679],[127.774353,26.308678],[127.774504,26.308694],[127.774771,26.30872],[127.775084,26.308763],[127.775359,26.308813],[127.775597,26.308873],[127.775711,26.30889],[127.775892,26.309026],[127.776148,26.309146],[127.776471,26.309273],[127.776661,26.309307],[127.776842,26.30929],[127.777003,26.30923],[127.777273,26.309088],[127.777444,26.309276],[127.777587,26.30935],[127.77789,26.309275],[127.778157,26.309175],[127.778354,26.309088],[127.778426,26.309099],[127.778552,26.30912],[127.778776,26.309193],[127.7789,26.309176],[127.77924,26.309009],[127.779492,26.308897],[127.779814,26.308855],[127.780104,26.308867],[127.78038,26.308941],[127.780606,26.30899],[127.780565,26.309189],[127.780699,26.309338],[127.780781,26.309367],[127.780755,26.309732],[127.780474,26.309848],[127.780653,26.310381],[127.780809,26.310754],[127.781321,26.310823],[127.781434,26.311264],[127.781442,26.311295],[127.781722,26.311357],[127.781874,26.311357],[127.781994,26.311402],[127.782079,26.311458],[127.782166,26.311479],[127.782217,26.311516],[127.782263,26.311507],[127.782364,26.311524],[127.782462,26.311768],[127.782619,26.312017],[127.78284,26.31231],[127.782988,26.312464],[127.783126,26.312554],[127.783213,26.312617],[127.783292,26.312708],[127.783287,26.312782],[127.783237,26.312815],[127.783306,26.312915],[127.783366,26.31289],[127.783477,26.31301],[127.783606,26.313159],[127.783748,26.313254],[127.784029,26.313361],[127.784416,26.313493],[127.784713,26.313557],[127.784805,26.313718],[127.784921,26.313842],[127.785133,26.314041],[127.785312,26.313962],[127.785745,26.314334],[127.785631,26.314483],[127.785887,26.314929],[127.785998,26.315165],[127.786063,26.315347],[127.786063,26.315488],[127.786031,26.315592],[127.785921,26.315745],[127.785825,26.315853],[127.785379,26.316182],[127.784994,26.316622]]]}},{"type":"Feature","properties":{"key":"47326005001","name":"字吉原","label":"字吉原〔0050-01〕","area_km2":0.0437,"pop_2020":180,"pop_2015":190,"male_2020":93,"female_2020":87,"households_2020":104,"u15_2020":18,"w15_64_2020":103,"o65_2020":41,"o75_2020":17,"ratio_u15":10.0,"ratio_w15_64":57.2,"ratio_o65":22.8,"ratio_o75":9.4,"ratio_o65_2015":21.6,"hh_single_ratio":61.5,"hh_avg_members":1.73,"hh_with_o65_ratio":28.8,"hh_with_u18_ratio":14.4,"hh_with_u6_ratio":1.9,"pop_change":-10,"pop_change_ratio":-5.3,"aging_change_pt":1.2,"pop_density":4117},"geometry":{"type":"Polygon","coordinates":[[[127.77664,26.324743],[127.776735,26.324863],[127.776803,26.324934],[127.776901,26.325046],[127.776959,26.325167],[127.777006,26.325311],[127.777038,26.325337],[127.777191,26.325412],[127.7775,26.325533],[127.777464,26.325616],[127.777443,26.325778],[127.777441,26.325799],[127.777441,26.325909],[127.777442,26.326479],[127.777433,26.326746],[127.777409,26.326851],[127.777405,26.326868],[127.777386,26.326896],[127.777258,26.326845],[127.777173,26.32678],[127.77693,26.326541],[127.77674,26.326358],[127.776225,26.325956],[127.776027,26.3258],[127.775825,26.32564],[127.775704,26.325523],[127.77566,26.325489],[127.775673,26.325403],[127.775626,26.325259],[127.775618,26.325257],[127.775353,26.325231],[127.775228,26.32517],[127.775147,26.325057],[127.775095,26.324983],[127.77503,26.324942],[127.775056,26.32492],[127.774933,26.3248],[127.774822,26.324676],[127.774813,26.32463],[127.774753,26.324572],[127.774693,26.324539],[127.774586,26.32451],[127.77436,26.32444],[127.774268,26.324311],[127.774192,26.324237],[127.7743,26.324068],[127.774398,26.324045],[127.775029,26.324082],[127.775272,26.32387],[127.775336,26.323862],[127.775379,26.323852],[127.775428,26.323841],[127.775706,26.323952],[127.775889,26.323972],[127.775964,26.323999],[127.776047,26.324131],[127.776089,26.324166],[127.77634,26.324256],[127.776418,26.324558],[127.776437,26.324632],[127.776552,26.324607],[127.776559,26.324626],[127.77664,26.324743]]]}},{"type":"Feature","properties":{"key":"47326005002","name":"字吉原","label":"字吉原〔0050-02〕","area_km2":0.2218,"pop_2020":1112,"pop_2015":1204,"male_2020":540,"female_2020":572,"households_2020":446,"u15_2020":146,"w15_64_2020":703,"o65_2020":254,"o75_2020":152,"ratio_u15":13.1,"ratio_w15_64":63.2,"ratio_o65":22.8,"ratio_o75":13.7,"ratio_o65_2015":22.6,"hh_single_ratio":33.0,"hh_avg_members":2.49,"hh_with_o65_ratio":39.9,"hh_with_u18_ratio":24.0,"hh_with_u6_ratio":10.1,"pop_change":-92,"pop_change_ratio":-7.6,"aging_change_pt":0.2,"pop_density":5013},"geometry":{"type":"MultiPolygon","coordinates":[[[[127.777303,26.319693],[127.777344,26.31986],[127.777287,26.320005],[127.777232,26.320125],[127.777009,26.320075],[127.7766,26.320074],[127.776517,26.319896],[127.776491,26.319859],[127.776468,26.319826],[127.77647,26.31951],[127.77647,26.319507],[127.776518,26.319368],[127.776581,26.319365],[127.7767,26.319351],[127.776841,26.319328],[127.776832,26.319286],[127.776866,26.319251],[127.776964,26.319236],[127.776949,26.319161],[127.776987,26.319092],[127.777042,26.31905],[127.777134,26.319042],[127.777217,26.319053],[127.777312,26.319108],[127.777406,26.319221],[127.777466,26.319315],[127.77766,26.319159],[127.777722,26.319124],[127.777781,26.31912],[127.777869,26.319156],[127.777943,26.319227],[127.778022,26.319382],[127.778165,26.319388],[127.778192,26.319359],[127.778192,26.319322],[127.778186,26.319213],[127.7782,26.3191],[127.778193,26.318876],[127.778132,26.318885],[127.778002,26.318868],[127.77791,26.318846],[127.777928,26.318481],[127.778115,26.318501],[127.778431,26.318563],[127.778657,26.318653],[127.778676,26.318645],[127.77886,26.318795],[127.778845,26.318851],[127.778808,26.318973],[127.778824,26.318983],[127.778639,26.319637],[127.778214,26.319617],[127.777836,26.31957],[127.777303,26.319693]]],[[[127.778108,26.324624],[127.777751,26.325112],[127.777668,26.325227],[127.777523,26.325451],[127.7775,26.325533],[127.777191,26.325412],[127.777038,26.325337],[127.777006,26.325311],[127.776959,26.325167],[127.776901,26.325046],[127.776803,26.324934],[127.776735,26.324863],[127.77664,26.324743],[127.776559,26.324626],[127.776552,26.324607],[127.776437,26.324632],[127.776418,26.324558],[127.77634,26.324256],[127.776089,26.324166],[127.776047,26.324131],[127.775964,26.323999],[127.775889,26.323972],[127.775706,26.323952],[127.775428,26.323841],[127.775379,26.323852],[127.775358,26.323689],[127.775166,26.323748],[127.774952,26.323338],[127.77516,26.323219],[127.775697,26.3231],[127.775711,26.322918],[127.775501,26.322824],[127.775615,26.322623],[127.775692,26.322476],[127.775511,26.322426],[127.775549,26.322306],[127.775637,26.322317],[127.775655,26.322131],[127.775926,26.322201],[127.775972,26.322042],[127.776104,26.322083],[127.776289,26.322231],[127.776384,26.322037],[127.776483,26.321764],[127.776842,26.321672],[127.777197,26.321389],[127.777493,26.321512],[127.777821,26.321487],[127.778062,26.321457],[127.77829,26.321414],[127.778409,26.321425],[127.779264,26.321546],[127.779246,26.321861],[127.779925,26.321716],[127.780169,26.321745],[127.780425,26.321762],[127.780437,26.321077],[127.780444,26.32094],[127.780432,26.320936],[127.780318,26.321054],[127.779994,26.321008],[127.778896,26.320845],[127.778978,26.320339],[127.779093,26.319702],[127.779267,26.319713],[127.779539,26.319646],[127.779532,26.319638],[127.779754,26.319653],[127.780292,26.319667],[127.780382,26.319678],[127.780948,26.319753],[127.781197,26.319785],[127.781395,26.319811],[127.781643,26.319858],[127.781638,26.320296],[127.781701,26.320593],[127.781712,26.320626],[127.781785,26.320844],[127.781827,26.320973],[127.781926,26.321265],[127.781932,26.321285],[127.781983,26.321552],[127.781963,26.32171],[127.781834,26.321951],[127.781707,26.322122],[127.78159,26.322198],[127.781427,26.32227],[127.781369,26.322296],[127.781019,26.322301],[127.780409,26.322306],[127.780284,26.322358],[127.780142,26.322441],[127.780099,26.322498],[127.780038,26.322577],[127.779984,26.322739],[127.779871,26.3232],[127.779847,26.323245],[127.779605,26.32369],[127.779609,26.323874],[127.779609,26.323893],[127.779607,26.323936],[127.77932,26.324351],[127.779228,26.324411],[127.779053,26.324461],[127.778707,26.324458],[127.778664,26.32446],[127.778449,26.32447],[127.778286,26.324499],[127.778241,26.324522],[127.778183,26.324553],[127.778108,26.324624]]]]}},{"type":"Feature","properties":{"key":"47326005003","name":"字吉原","label":"字吉原〔0050-03〕","area_km2":0.2016,"pop_2020":2669,"pop_2015":2430,"male_2020":1284,"female_2020":1385,"households_2020":1023,"u15_2020":489,"w15_64_2020":1565,"o65_2020":570,"o75_2020":321,"ratio_u15":18.3,"ratio_w15_64":58.6,"ratio_o65":21.4,"ratio_o75":12.0,"ratio_o65_2015":21.5,"hh_single_ratio":28.7,"hh_avg_members":2.61,"hh_with_o65_ratio":39.5,"hh_with_u18_ratio":31.5,"hh_with_u6_ratio":13.3,"pop_change":239,"pop_change_ratio":9.8,"aging_change_pt":-0.1,"pop_density":13236},"geometry":{"type":"Polygon","coordinates":[[[127.774192,26.324237],[127.773954,26.324178],[127.773816,26.324218],[127.773646,26.324044],[127.7735,26.323972],[127.773133,26.32371],[127.772805,26.323554],[127.772719,26.323458],[127.772639,26.323369],[127.772452,26.323132],[127.77226,26.322938],[127.772186,26.322858],[127.772186,26.322832],[127.772336,26.322361],[127.772435,26.322018],[127.772551,26.321689],[127.772356,26.32163],[127.772439,26.321346],[127.771972,26.321215],[127.772076,26.320847],[127.77178,26.32076],[127.77184,26.320579],[127.771752,26.320551],[127.771806,26.320365],[127.771563,26.320291],[127.771681,26.32015],[127.771703,26.320124],[127.771824,26.319979],[127.772146,26.319765],[127.772141,26.319753],[127.77197,26.31966],[127.77207,26.319479],[127.772077,26.319346],[127.772057,26.319248],[127.772024,26.319066],[127.77199,26.318724],[127.772006,26.31854],[127.772059,26.318519],[127.772304,26.318691],[127.772377,26.318786],[127.772457,26.319184],[127.772517,26.319361],[127.772678,26.319519],[127.77279,26.319917],[127.773183,26.319996],[127.773325,26.320208],[127.773674,26.320329],[127.774473,26.320342],[127.774866,26.320434],[127.775095,26.320508],[127.775471,26.318697],[127.775761,26.318606],[127.775924,26.318664],[127.776129,26.318728],[127.77642,26.3188],[127.776492,26.318818],[127.776699,26.318845],[127.776808,26.318837],[127.777191,26.318627],[127.777462,26.318503],[127.777618,26.318474],[127.777779,26.318479],[127.777928,26.318481],[127.77791,26.318846],[127.778002,26.318868],[127.778132,26.318885],[127.778193,26.318876],[127.7782,26.3191],[127.778186,26.319213],[127.778192,26.319322],[127.778192,26.319359],[127.778165,26.319388],[127.778022,26.319382],[127.777943,26.319227],[127.777869,26.319156],[127.777781,26.31912],[127.777722,26.319124],[127.77766,26.319159],[127.777466,26.319315],[127.777406,26.319221],[127.777312,26.319108],[127.777217,26.319053],[127.777134,26.319042],[127.777042,26.31905],[127.776987,26.319092],[127.776949,26.319161],[127.776964,26.319236],[127.776866,26.319251],[127.776832,26.319286],[127.776841,26.319328],[127.7767,26.319351],[127.776581,26.319365],[127.776518,26.319368],[127.77647,26.319507],[127.77647,26.31951],[127.776468,26.319826],[127.776491,26.319859],[127.776517,26.319896],[127.7766,26.320074],[127.777009,26.320075],[127.777232,26.320125],[127.777164,26.320274],[127.777113,26.320441],[127.777096,26.320524],[127.777044,26.32081],[127.777041,26.320829],[127.777021,26.320885],[127.777009,26.320919],[127.776989,26.32106],[127.776798,26.321231],[127.777197,26.321389],[127.776842,26.321672],[127.776483,26.321764],[127.776384,26.322037],[127.776289,26.322231],[127.776104,26.322083],[127.775972,26.322042],[127.775926,26.322201],[127.775655,26.322131],[127.775637,26.322317],[127.775549,26.322306],[127.775511,26.322426],[127.775692,26.322476],[127.775615,26.322623],[127.775501,26.322824],[127.775711,26.322918],[127.775697,26.3231],[127.77516,26.323219],[127.774952,26.323338],[127.775166,26.323748],[127.775358,26.323689],[127.775379,26.323852],[127.775336,26.323862],[127.775272,26.32387],[127.775029,26.324082],[127.774398,26.324045],[127.7743,26.324068],[127.774192,26.324237]]]}},{"type":"Feature","properties":{"key":"47326005004","name":"字吉原","label":"字吉原〔0050-04〕","area_km2":0.213,"pop_2020":944,"pop_2015":1043,"male_2020":467,"female_2020":477,"households_2020":419,"u15_2020":144,"w15_64_2020":513,"o65_2020":259,"o75_2020":126,"ratio_u15":15.3,"ratio_w15_64":54.3,"ratio_o65":27.4,"ratio_o75":13.3,"ratio_o65_2015":24.9,"hh_single_ratio":41.0,"hh_avg_members":2.25,"hh_with_o65_ratio":44.8,"hh_with_u18_ratio":20.9,"hh_with_u6_ratio":9.6,"pop_change":-99,"pop_change_ratio":-9.5,"aging_change_pt":2.5,"pop_density":4431},"geometry":{"type":"Polygon","coordinates":[[[127.770988,26.31522],[127.770889,26.315439],[127.7707,26.315652],[127.770689,26.315717],[127.770664,26.315675],[127.770642,26.315597],[127.770603,26.315534],[127.77052,26.315505],[127.770501,26.315492],[127.770495,26.315463],[127.770484,26.315399],[127.770448,26.315353],[127.770356,26.315296],[127.770271,26.315259],[127.770197,26.315244],[127.770162,26.315244],[127.769928,26.315202],[127.769585,26.315394],[127.769405,26.315471],[127.76929,26.315598],[127.76921,26.315544],[127.769155,26.315575],[127.769015,26.315495],[127.76882,26.315657],[127.76848,26.315498],[127.768334,26.315501],[127.768162,26.315463],[127.767609,26.315249],[127.767395,26.315147],[127.76731,26.31504],[127.767267,26.314937],[127.767245,26.314691],[127.767236,26.3146],[127.767211,26.314367],[127.767206,26.314233],[127.767176,26.314108],[127.767134,26.313991],[127.76704,26.313819],[127.766847,26.313558],[127.766765,26.313447],[127.766732,26.31341],[127.766055,26.312629],[127.765699,26.312219],[127.76554,26.312037],[127.765495,26.311985],[127.765317,26.311828],[127.765051,26.311637],[127.764724,26.311472],[127.764082,26.311231],[127.762983,26.310788],[127.763334,26.30999],[127.763363,26.310287],[127.764109,26.310485],[127.764473,26.310597],[127.764532,26.310616],[127.764821,26.310709],[127.765048,26.310731],[127.76544,26.310731],[127.765719,26.310677],[127.765745,26.310598],[127.765943,26.310494],[127.766062,26.310467],[127.766251,26.310457],[127.766343,26.310472],[127.766479,26.310493],[127.766678,26.310469],[127.766777,26.310512],[127.76687,26.310519],[127.766978,26.310509],[127.767205,26.310483],[127.767691,26.310425],[127.768091,26.310662],[127.768142,26.310801],[127.768117,26.310844],[127.768077,26.310844],[127.76786,26.310812],[127.767811,26.310943],[127.767905,26.31106],[127.76787,26.311256],[127.76799,26.311383],[127.768154,26.311315],[127.7682,26.311315],[127.768349,26.311315],[127.768486,26.31135],[127.768912,26.311478],[127.769178,26.311553],[127.769343,26.311625],[127.769431,26.311696],[127.769485,26.311884],[127.769534,26.312104],[127.769575,26.31232],[127.76965,26.312672],[127.769672,26.312761],[127.76972,26.312853],[127.769831,26.31294],[127.770002,26.313012],[127.770031,26.313024],[127.770222,26.3131],[127.77035,26.313151],[127.77045,26.313233],[127.770584,26.313413],[127.770711,26.31359],[127.770875,26.313806],[127.771074,26.314114],[127.771181,26.314297],[127.770965,26.314675],[127.770859,26.314871],[127.77084,26.314938],[127.770872,26.315004],[127.770988,26.31522]]]}},{"type":"Feature","properties":{"key":"47326005005","name":"字吉原","label":"字吉原〔0050-05〕","area_km2":0.5469,"pop_2020":2098,"pop_2015":2195,"male_2020":978,"female_2020":1120,"households_2020":774,"u15_2020":345,"w15_64_2020":1149,"o65_2020":569,"o75_2020":332,"ratio_u15":16.4,"ratio_w15_64":54.8,"ratio_o65":27.1,"ratio_o75":15.8,"ratio_o65_2015":22.8,"hh_single_ratio":32.8,"hh_avg_members":2.52,"hh_with_o65_ratio":38.6,"hh_with_u18_ratio":26.8,"hh_with_u6_ratio":11.3,"pop_change":-97,"pop_change_ratio":-4.4,"aging_change_pt":4.3,"pop_density":3836},"geometry":{"type":"Polygon","coordinates":[[[127.775471,26.318697],[127.775095,26.320508],[127.774866,26.320434],[127.774473,26.320342],[127.773674,26.320329],[127.773325,26.320208],[127.773183,26.319996],[127.77279,26.319917],[127.772678,26.319519],[127.772517,26.319361],[127.772457,26.319184],[127.772377,26.318786],[127.772304,26.318691],[127.772059,26.318519],[127.772006,26.31854],[127.77199,26.318724],[127.772024,26.319066],[127.772057,26.319248],[127.772077,26.319346],[127.77207,26.319479],[127.771964,26.319367],[127.771911,26.31928],[127.771736,26.319104],[127.771564,26.318815],[127.771398,26.318747],[127.771423,26.31859],[127.770751,26.318582],[127.770536,26.318562],[127.770467,26.318546],[127.770453,26.318528],[127.770417,26.318504],[127.770403,26.318472],[127.770383,26.318403],[127.770371,26.318359],[127.770373,26.318312],[127.770374,26.318299],[127.770383,26.318254],[127.770397,26.318216],[127.770406,26.318197],[127.770426,26.318164],[127.770467,26.318111],[127.770512,26.31806],[127.770535,26.318033],[127.770566,26.318002],[127.770628,26.317943],[127.77073,26.317848],[127.770782,26.317798],[127.77088,26.317696],[127.770817,26.317635],[127.770935,26.317372],[127.771018,26.317103],[127.771161,26.317019],[127.771291,26.316882],[127.770882,26.316188],[127.770875,26.31609],[127.77085,26.316013],[127.770799,26.315931],[127.7707,26.315859],[127.770681,26.31577],[127.770689,26.315717],[127.7707,26.315652],[127.770889,26.315439],[127.770988,26.31522],[127.770872,26.315004],[127.77084,26.314938],[127.770859,26.314871],[127.770965,26.314675],[127.771181,26.314297],[127.771074,26.314114],[127.770875,26.313806],[127.770928,26.313782],[127.770932,26.313694],[127.770981,26.313514],[127.771065,26.313334],[127.771157,26.313202],[127.771835,26.313053],[127.77184,26.312907],[127.771837,26.312843],[127.771913,26.312855],[127.77201,26.31293],[127.772268,26.313134],[127.77218,26.313254],[127.772131,26.313354],[127.772061,26.313574],[127.772023,26.313696],[127.772072,26.313723],[127.772205,26.313795],[127.772387,26.313931],[127.772645,26.31413],[127.772895,26.314402],[127.772978,26.314485],[127.773237,26.314179],[127.773298,26.314156],[127.77336,26.314082],[127.773503,26.313898],[127.773554,26.31382],[127.773567,26.31375],[127.773891,26.313607],[127.774039,26.313607],[127.77423,26.313557],[127.774298,26.313517],[127.774387,26.313355],[127.774468,26.313152],[127.774479,26.313049],[127.774724,26.313339],[127.774915,26.313525],[127.775051,26.31363],[127.775141,26.313635],[127.775269,26.313676],[127.77534,26.313721],[127.775687,26.313882],[127.77613,26.31437],[127.776736,26.314553],[127.776928,26.314799],[127.777261,26.31504],[127.777543,26.315188],[127.777936,26.315597],[127.778271,26.315836],[127.778663,26.316152],[127.778909,26.316094],[127.779242,26.316253],[127.779565,26.316314],[127.779892,26.316116],[127.780142,26.315915],[127.780529,26.315738],[127.780927,26.315698],[127.781068,26.315657],[127.781268,26.31557],[127.781515,26.31575],[127.781783,26.315668],[127.782207,26.315741],[127.78258,26.315691],[127.782958,26.315661],[127.78316,26.315679],[127.783352,26.315814],[127.7839,26.316294],[127.783993,26.316258],[127.784019,26.316283],[127.78404,26.316288],[127.784073,26.316288],[127.784111,26.31627],[127.784203,26.316423],[127.784156,26.316478],[127.784154,26.316571],[127.784156,26.316609],[127.784187,26.316698],[127.78425,26.316798],[127.784278,26.316915],[127.78432,26.316953],[127.784377,26.317007],[127.784668,26.317069],[127.784528,26.317141],[127.784428,26.317315],[127.784336,26.317514],[127.784335,26.317537],[127.78432,26.317744],[127.784323,26.317829],[127.784325,26.31789],[127.784325,26.317973],[127.784279,26.31803],[127.784204,26.318079],[127.783461,26.317858],[127.7827,26.317859],[127.782331,26.317859],[127.782026,26.317788],[127.781809,26.317743],[127.781314,26.317689],[127.781214,26.317626],[127.781038,26.317476],[127.780467,26.317522],[127.780312,26.31759],[127.780283,26.317582],[127.780258,26.317575],[127.779585,26.3172],[127.779172,26.317325],[127.779161,26.317329],[127.778534,26.317526],[127.77853,26.317571],[127.778584,26.317676],[127.778639,26.317796],[127.778661,26.318259],[127.778672,26.318534],[127.778676,26.318645],[127.778657,26.318653],[127.778431,26.318563],[127.778115,26.318501],[127.777928,26.318481],[127.777779,26.318479],[127.777618,26.318474],[127.777462,26.318503],[127.777191,26.318627],[127.776808,26.318837],[127.776699,26.318845],[127.776492,26.318818],[127.77642,26.3188],[127.776129,26.318728],[127.775924,26.318664],[127.775761,26.318606],[127.775471,26.318697]]]}},{"type":"Feature","properties":{"key":"47326005006","name":"字吉原","label":"字吉原〔0050-06〕","area_km2":0.1505,"pop_2020":489,"pop_2015":494,"male_2020":236,"female_2020":253,"households_2020":229,"u15_2020":61,"w15_64_2020":250,"o65_2020":158,"o75_2020":83,"ratio_u15":12.3,"ratio_w15_64":50.4,"ratio_o65":31.9,"ratio_o75":16.7,"ratio_o65_2015":30.1,"hh_single_ratio":43.5,"hh_avg_members":2.14,"hh_with_o65_ratio":49.6,"hh_with_u18_ratio":15.5,"hh_with_u6_ratio":6.5,"pop_change":-5,"pop_change_ratio":-1.0,"aging_change_pt":1.8,"pop_density":3250},"geometry":{"type":"Polygon","coordinates":[[[127.773567,26.31375],[127.773554,26.31382],[127.773503,26.313898],[127.77336,26.314082],[127.773298,26.314156],[127.773237,26.314179],[127.772978,26.314485],[127.772895,26.314402],[127.772645,26.31413],[127.772387,26.313931],[127.772205,26.313795],[127.772072,26.313723],[127.772023,26.313696],[127.772061,26.313574],[127.772131,26.313354],[127.77218,26.313254],[127.772268,26.313134],[127.77201,26.31293],[127.771913,26.312855],[127.771837,26.312843],[127.77184,26.312907],[127.771835,26.313053],[127.771157,26.313202],[127.771065,26.313334],[127.770981,26.313514],[127.770932,26.313694],[127.770928,26.313782],[127.770875,26.313806],[127.770711,26.31359],[127.770584,26.313413],[127.77045,26.313233],[127.77035,26.313151],[127.770222,26.3131],[127.770031,26.313024],[127.770002,26.313012],[127.769831,26.31294],[127.76972,26.312853],[127.769672,26.312761],[127.76965,26.312672],[127.769575,26.31232],[127.769534,26.312104],[127.769485,26.311884],[127.769431,26.311696],[127.769343,26.311625],[127.769178,26.311553],[127.768912,26.311478],[127.768486,26.31135],[127.768349,26.311315],[127.7682,26.311315],[127.768154,26.311315],[127.76799,26.311383],[127.76787,26.311256],[127.767905,26.31106],[127.767811,26.310943],[127.76786,26.310812],[127.768077,26.310844],[127.768117,26.310844],[127.768142,26.310801],[127.768214,26.310863],[127.768275,26.310892],[127.768408,26.310911],[127.76858,26.310903],[127.768875,26.310893],[127.769546,26.310851],[127.769764,26.310834],[127.769793,26.310832],[127.76986,26.310829],[127.770088,26.310845],[127.770263,26.310859],[127.770475,26.310837],[127.770822,26.310795],[127.771138,26.310737],[127.771154,26.310666],[127.771285,26.310651],[127.771471,26.310628],[127.771532,26.310625],[127.771688,26.310625],[127.771902,26.310631],[127.771964,26.310608],[127.772249,26.310531],[127.772448,26.310488],[127.772667,26.310436],[127.772714,26.310429],[127.77279,26.310419],[127.77298,26.310384],[127.773065,26.310444],[127.773095,26.310477],[127.773177,26.310418],[127.773335,26.310589],[127.773498,26.31084],[127.77357,26.311046],[127.773586,26.31123],[127.773535,26.311446],[127.773764,26.311614],[127.773902,26.311707],[127.773974,26.311793],[127.774036,26.312017],[127.774061,26.312184],[127.774067,26.312266],[127.774078,26.312452],[127.774105,26.312588],[127.774161,26.312698],[127.774262,26.312829],[127.774479,26.313049],[127.774468,26.313152],[127.774387,26.313355],[127.774298,26.313517],[127.77423,26.313557],[127.774039,26.313607],[127.773891,26.313607],[127.773567,26.31375]]]}},{"type":"Feature","properties":{"key":"473260060","name":"字桃原","label":"字桃原","area_km2":0.0549,"pop_2020":744,"pop_2015":738,"male_2020":347,"female_2020":397,"households_2020":262,"u15_2020":161,"w15_64_2020":487,"o65_2020":85,"o75_2020":38,"ratio_u15":21.6,"ratio_w15_64":65.5,"ratio_o65":11.4,"ratio_o75":5.1,"ratio_o65_2015":8.9,"hh_single_ratio":24.8,"hh_avg_members":2.84,"hh_with_o65_ratio":22.5,"hh_with_u18_ratio":38.5,"hh_with_u6_ratio":14.5,"pop_change":6,"pop_change_ratio":0.8,"aging_change_pt":2.5,"pop_density":13546},"geometry":{"type":"Polygon","coordinates":[[[127.779246,26.321861],[127.779264,26.321546],[127.778409,26.321425],[127.77829,26.321414],[127.778062,26.321457],[127.777821,26.321487],[127.777493,26.321512],[127.777197,26.321389],[127.776798,26.321231],[127.776989,26.32106],[127.777009,26.320919],[127.777021,26.320885],[127.777041,26.320829],[127.777044,26.32081],[127.777096,26.320524],[127.777113,26.320441],[127.777164,26.320274],[127.777232,26.320125],[127.777287,26.320005],[127.777344,26.31986],[127.777303,26.319693],[127.777836,26.31957],[127.778214,26.319617],[127.778639,26.319637],[127.778824,26.318983],[127.778808,26.318973],[127.778845,26.318851],[127.779083,26.318977],[127.77901,26.319094],[127.779557,26.31942],[127.779478,26.319536],[127.779532,26.319638],[127.779539,26.319646],[127.779267,26.319713],[127.779093,26.319702],[127.778978,26.320339],[127.778896,26.320845],[127.779994,26.321008],[127.780318,26.321054],[127.780432,26.320936],[127.780444,26.32094],[127.780437,26.321077],[127.780425,26.321762],[127.780169,26.321745],[127.779925,26.321716],[127.779246,26.321861]]]}},{"type":"Feature","properties":{"key":"47326007001","name":"字桑江","label":"字桑江〔0070-01〕","area_km2":0.1762,"pop_2020":1474,"pop_2015":1550,"male_2020":700,"female_2020":774,"households_2020":531,"u15_2020":292,"w15_64_2020":952,"o65_2020":218,"o75_2020":85,"ratio_u15":19.8,"ratio_w15_64":64.6,"ratio_o65":14.8,"ratio_o75":5.8,"ratio_o65_2015":11.4,"hh_single_ratio":21.8,"hh_avg_members":2.78,"hh_with_o65_ratio":28.6,"hh_with_u18_ratio":37.1,"hh_with_u6_ratio":12.6,"pop_change":-76,"pop_change_ratio":-4.9,"aging_change_pt":3.4,"pop_density":8367},"geometry":{"type":"Polygon","coordinates":[[[127.775832,26.327792],[127.775662,26.327859],[127.775532,26.32788],[127.775241,26.327881],[127.774962,26.327823],[127.774763,26.327782],[127.774625,26.327782],[127.774258,26.327831],[127.773929,26.327818],[127.773785,26.327765],[127.773666,26.327665],[127.773562,26.3275],[127.773505,26.327382],[127.773417,26.327277],[127.773503,26.327141],[127.773469,26.326895],[127.773436,26.326857],[127.773243,26.326845],[127.773013,26.326807],[127.773017,26.326858],[127.772966,26.326913],[127.772876,26.326959],[127.772654,26.326974],[127.772394,26.326953],[127.77208,26.326913],[127.771843,26.326906],[127.771598,26.326948],[127.771342,26.32699],[127.771231,26.327018],[127.771009,26.327022],[127.770703,26.326991],[127.770439,26.32694],[127.770243,26.326851],[127.769641,26.326985],[127.769214,26.326814],[127.76917,26.326887],[127.768772,26.326679],[127.768791,26.326645],[127.769063,26.326157],[127.769148,26.325995],[127.769168,26.326007],[127.769583,26.326193],[127.770645,26.326664],[127.770884,26.326233],[127.771106,26.325835],[127.771262,26.325442],[127.771353,26.325428],[127.771485,26.325126],[127.771734,26.325232],[127.772242,26.324261],[127.772403,26.324326],[127.772801,26.32428],[127.772904,26.324163],[127.773111,26.32429],[127.773482,26.324255],[127.773646,26.324044],[127.773816,26.324218],[127.773954,26.324178],[127.774192,26.324237],[127.774268,26.324311],[127.77436,26.32444],[127.774586,26.32451],[127.774693,26.324539],[127.774753,26.324572],[127.774813,26.32463],[127.774822,26.324676],[127.774933,26.3248],[127.775056,26.32492],[127.77503,26.324942],[127.775095,26.324983],[127.775147,26.325057],[127.775228,26.32517],[127.775353,26.325231],[127.775618,26.325257],[127.775626,26.325259],[127.775673,26.325403],[127.77566,26.325489],[127.775704,26.325523],[127.775825,26.32564],[127.776027,26.3258],[127.776225,26.325956],[127.77674,26.326358],[127.77693,26.326541],[127.777173,26.32678],[127.777258,26.326845],[127.777386,26.326896],[127.77733,26.326979],[127.777565,26.32719],[127.7777,26.327349],[127.777499,26.327293],[127.777307,26.327225],[127.777167,26.327181],[127.776966,26.327187],[127.776835,26.327204],[127.776723,26.327259],[127.776689,26.327291],[127.776638,26.327339],[127.776411,26.32752],[127.776274,26.327627],[127.776085,26.327695],[127.775832,26.327792]]]}},{"type":"Feature","properties":{"key":"47326007002","name":"字桑江","label":"字桑江〔0070-02〕","area_km2":0.8239,"pop_2020":19,"pop_2015":15,"male_2020":9,"female_2020":10,"households_2020":6,"u15_2020":4,"w15_64_2020":12,"o65_2020":2,"o75_2020":1,"ratio_u15":21.1,"ratio_w15_64":63.2,"ratio_o65":10.5,"ratio_o75":5.3,"ratio_o65_2015":33.3,"hh_single_ratio":33.3,"hh_avg_members":3.17,"hh_with_o65_ratio":33.3,"hh_with_u18_ratio":33.3,"hh_with_u6_ratio":16.7,"pop_change":4,"pop_change_ratio":26.7,"aging_change_pt":-22.8,"pop_density":23},"geometry":{"type":"Polygon","coordinates":[[[127.761109,26.327442],[127.761548,26.327556],[127.761667,26.327584],[127.76177,26.327626],[127.761854,26.327671],[127.761904,26.327701],[127.761946,26.327759],[127.761534,26.327818],[127.761067,26.32788],[127.760527,26.327891],[127.760112,26.327847],[127.759369,26.327745],[127.758622,26.32761],[127.758532,26.327595],[127.758684,26.327373],[127.758898,26.327247],[127.759131,26.327154],[127.759372,26.326994],[127.759447,26.326792],[127.759465,26.326591],[127.759362,26.326297],[127.758811,26.325811],[127.758755,26.325702],[127.758624,26.325408],[127.758701,26.325353],[127.759265,26.324945],[127.759327,26.324806],[127.759459,26.324522],[127.759873,26.32473],[127.760105,26.324715],[127.760309,26.324663],[127.760915,26.324508],[127.761281,26.324414],[127.761265,26.324337],[127.761247,26.32425],[127.760847,26.32334],[127.76136,26.322712],[127.761822,26.322323],[127.76256,26.32179],[127.762649,26.321725],[127.76303,26.321526],[127.76308,26.3215],[127.763239,26.321288],[127.763248,26.321276],[127.763405,26.321067],[127.763497,26.320945],[127.763597,26.320811],[127.763673,26.320711],[127.763848,26.320608],[127.764281,26.320355],[127.764754,26.320099],[127.765284,26.319844],[127.7647,26.319283],[127.764488,26.319332],[127.763863,26.318521],[127.763691,26.318569],[127.763413,26.318593],[127.763363,26.318603],[127.763174,26.318641],[127.762578,26.318523],[127.762314,26.318414],[127.761382,26.318028],[127.759924,26.317425],[127.760012,26.317029],[127.760153,26.316486],[127.760284,26.316096],[127.760494,26.315597],[127.760667,26.315271],[127.761025,26.314538],[127.761229,26.314156],[127.761432,26.313776],[127.761641,26.313374],[127.762094,26.312502],[127.762612,26.311514],[127.762983,26.310788],[127.764082,26.311231],[127.764724,26.311472],[127.765051,26.311637],[127.765317,26.311828],[127.765495,26.311985],[127.76554,26.312037],[127.765699,26.312219],[127.766055,26.312629],[127.766732,26.31341],[127.766765,26.313447],[127.766847,26.313558],[127.76704,26.313819],[127.767134,26.313991],[127.767176,26.314108],[127.767206,26.314233],[127.767211,26.314367],[127.767236,26.3146],[127.767245,26.314691],[127.767267,26.314937],[127.76731,26.31504],[127.767395,26.315147],[127.767609,26.315249],[127.768162,26.315463],[127.768334,26.315501],[127.76848,26.315498],[127.76882,26.315657],[127.769015,26.315495],[127.769155,26.315575],[127.76921,26.315544],[127.76929,26.315598],[127.769405,26.315471],[127.769585,26.315394],[127.769928,26.315202],[127.770162,26.315244],[127.770197,26.315244],[127.770271,26.315259],[127.770356,26.315296],[127.770448,26.315353],[127.770484,26.315399],[127.770495,26.315463],[127.770501,26.315492],[127.77052,26.315505],[127.770603,26.315534],[127.770642,26.315597],[127.770664,26.315675],[127.770689,26.315717],[127.770681,26.31577],[127.7707,26.315859],[127.770799,26.315931],[127.77085,26.316013],[127.770875,26.31609],[127.770882,26.316188],[127.771291,26.316882],[127.771161,26.317019],[127.771018,26.317103],[127.770935,26.317372],[127.770817,26.317635],[127.770712,26.317708],[127.770541,26.317972],[127.770298,26.318057],[127.770108,26.31824],[127.769881,26.318446],[127.769524,26.318809],[127.769419,26.318914],[127.769314,26.318999],[127.76923,26.319069],[127.769161,26.319165],[127.769133,26.319266],[127.769124,26.319429],[127.769137,26.319499],[127.769218,26.319647],[127.769219,26.319715],[127.769247,26.319707],[127.769322,26.31985],[127.769807,26.31994],[127.770075,26.319993],[127.770334,26.320046],[127.77059,26.320214],[127.770241,26.320619],[127.770167,26.320602],[127.769939,26.320459],[127.769758,26.320345],[127.769146,26.319992],[127.768582,26.31992],[127.768284,26.319899],[127.768275,26.319871],[127.767745,26.319824],[127.767691,26.319763],[127.767691,26.319549],[127.767263,26.319308],[127.766934,26.319034],[127.76689,26.319096],[127.766846,26.319068],[127.766672,26.319267],[127.766452,26.319362],[127.766281,26.31955],[127.765801,26.31972],[127.765884,26.319808],[127.765931,26.319918],[127.765944,26.320024],[127.76591,26.320142],[127.765766,26.320244],[127.764951,26.320737],[127.76433,26.321099],[127.764159,26.321169],[127.763984,26.321189],[127.763869,26.321164],[127.763597,26.321095],[127.76352,26.321432],[127.763052,26.32162],[127.762984,26.321985],[127.762968,26.322094],[127.762974,26.322256],[127.762995,26.322328],[127.763042,26.322411],[127.763095,26.322471],[127.763146,26.322512],[127.763203,26.322553],[127.763292,26.322599],[127.763631,26.322737],[127.763831,26.322908],[127.763545,26.323177],[127.763407,26.323276],[127.763401,26.323321],[127.76315,26.323633],[127.763119,26.323665],[127.76305,26.323737],[127.763024,26.324146],[127.762602,26.324827],[127.762197,26.325489],[127.761939,26.325711],[127.761954,26.326482],[127.762297,26.327078],[127.761851,26.327194],[127.761674,26.3274],[127.761615,26.327377],[127.761109,26.327442]]]}},{"type":"Feature","properties":{"key":"47326007003","name":"字桑江","label":"字桑江〔0070-03〕","area_km2":0.0281,"pop_2020":208,"pop_2015":230,"male_2020":89,"female_2020":119,"households_2020":79,"u15_2020":32,"w15_64_2020":109,"o65_2020":63,"o75_2020":34,"ratio_u15":15.4,"ratio_w15_64":52.4,"ratio_o65":30.3,"ratio_o75":16.3,"ratio_o65_2015":25.2,"hh_single_ratio":17.7,"hh_avg_members":2.63,"hh_with_o65_ratio":51.9,"hh_with_u18_ratio":26.6,"hh_with_u6_ratio":12.7,"pop_change":-22,"pop_change_ratio":-9.6,"aging_change_pt":5.1,"pop_density":7402},"geometry":{"type":"Polygon","coordinates":[[[127.772141,26.319753],[127.772146,26.319765],[127.771824,26.319979],[127.771703,26.320124],[127.771681,26.32015],[127.771563,26.320291],[127.771806,26.320365],[127.771752,26.320551],[127.77184,26.320579],[127.77178,26.32076],[127.772076,26.320847],[127.771972,26.321215],[127.772439,26.321346],[127.772356,26.32163],[127.772551,26.321689],[127.772435,26.322018],[127.772336,26.322361],[127.772186,26.322832],[127.771615,26.322493],[127.771256,26.322257],[127.771264,26.322093],[127.771273,26.32205],[127.771329,26.321783],[127.771341,26.321715],[127.771351,26.321655],[127.771352,26.321551],[127.771349,26.321464],[127.771347,26.32141],[127.77128,26.321293],[127.771217,26.321183],[127.771154,26.321088],[127.771104,26.320975],[127.771056,26.32086],[127.77102,26.320728],[127.771001,26.320597],[127.770996,26.32044],[127.771,26.320299],[127.771084,26.320157],[127.771301,26.319991],[127.771627,26.319803],[127.771666,26.31978],[127.77197,26.31966],[127.772141,26.319753]]]}},{"type":"Feature","properties":{"key":"47326007004","name":"字桑江","label":"字桑江〔0070-04〕","area_km2":0.6005,"pop_2020":3070,"pop_2015":3097,"male_2020":1527,"female_2020":1543,"households_2020":1133,"u15_2020":480,"w15_64_2020":1727,"o65_2020":819,"o75_2020":426,"ratio_u15":15.6,"ratio_w15_64":56.3,"ratio_o65":26.7,"ratio_o75":13.9,"ratio_o65_2015":24.5,"hh_single_ratio":28.7,"hh_avg_members":2.63,"hh_with_o65_ratio":42.7,"hh_with_u18_ratio":26.0,"hh_with_u6_ratio":10.2,"pop_change":-27,"pop_change_ratio":-0.9,"aging_change_pt":2.2,"pop_density":5112},"geometry":{"type":"Polygon","coordinates":[[[127.768791,26.326645],[127.768772,26.326679],[127.768599,26.327001],[127.768289,26.326889],[127.76839,26.326655],[127.768192,26.32659],[127.768195,26.326377],[127.768087,26.326383],[127.767955,26.326383],[127.767543,26.326367],[127.767374,26.326301],[127.767133,26.326245],[127.767114,26.32624],[127.766731,26.3262],[127.766595,26.32614],[127.76646,26.32614],[127.766268,26.326171],[127.765997,26.326181],[127.765851,26.326111],[127.765749,26.325979],[127.765669,26.325775],[127.765444,26.325695],[127.765297,26.325613],[127.765093,26.325451],[127.764935,26.325299],[127.764811,26.325299],[127.764537,26.325304],[127.764078,26.325321],[127.764112,26.325727],[127.764011,26.32585],[127.763041,26.32575],[127.762939,26.325506],[127.762814,26.325323],[127.762938,26.325303],[127.762983,26.325191],[127.762915,26.325099],[127.76305,26.325028],[127.763027,26.324693],[127.763309,26.324621],[127.763263,26.324102],[127.763273,26.323848],[127.763119,26.323665],[127.76315,26.323633],[127.763401,26.323321],[127.763407,26.323276],[127.763545,26.323177],[127.763831,26.322908],[127.763631,26.322737],[127.763292,26.322599],[127.763203,26.322553],[127.763146,26.322512],[127.763095,26.322471],[127.763042,26.322411],[127.762995,26.322328],[127.762974,26.322256],[127.762968,26.322094],[127.762984,26.321985],[127.763052,26.32162],[127.76352,26.321432],[127.763597,26.321095],[127.763869,26.321164],[127.763984,26.321189],[127.764159,26.321169],[127.76433,26.321099],[127.764951,26.320737],[127.765766,26.320244],[127.76591,26.320142],[127.765944,26.320024],[127.765931,26.319918],[127.765884,26.319808],[127.765801,26.31972],[127.766281,26.31955],[127.766452,26.319362],[127.766672,26.319267],[127.766846,26.319068],[127.76689,26.319096],[127.766934,26.319034],[127.767263,26.319308],[127.767691,26.319549],[127.767691,26.319763],[127.767745,26.319824],[127.768275,26.319871],[127.768284,26.319899],[127.768582,26.31992],[127.769146,26.319992],[127.769758,26.320345],[127.769939,26.320459],[127.770167,26.320602],[127.770241,26.320619],[127.77059,26.320214],[127.770334,26.320046],[127.770075,26.319993],[127.769807,26.31994],[127.769322,26.31985],[127.769247,26.319707],[127.769219,26.319715],[127.769218,26.319647],[127.769137,26.319499],[127.769124,26.319429],[127.769133,26.319266],[127.769161,26.319165],[127.76923,26.319069],[127.769314,26.318999],[127.769419,26.318914],[127.769524,26.318809],[127.769881,26.318446],[127.770108,26.31824],[127.770298,26.318057],[127.770541,26.317972],[127.770712,26.317708],[127.770817,26.317635],[127.77088,26.317696],[127.770782,26.317798],[127.77073,26.317848],[127.770628,26.317943],[127.770566,26.318002],[127.770535,26.318033],[127.770512,26.31806],[127.770467,26.318111],[127.770426,26.318164],[127.770406,26.318197],[127.770397,26.318216],[127.770383,26.318254],[127.770374,26.318299],[127.770373,26.318312],[127.770371,26.318359],[127.770383,26.318403],[127.770403,26.318472],[127.770417,26.318504],[127.770453,26.318528],[127.770467,26.318546],[127.770536,26.318562],[127.770751,26.318582],[127.771423,26.31859],[127.771398,26.318747],[127.771564,26.318815],[127.771736,26.319104],[127.771911,26.31928],[127.771964,26.319367],[127.77207,26.319479],[127.77197,26.31966],[127.771666,26.31978],[127.771627,26.319803],[127.771301,26.319991],[127.771084,26.320157],[127.771,26.320299],[127.770996,26.32044],[127.771001,26.320597],[127.77102,26.320728],[127.771056,26.32086],[127.771104,26.320975],[127.771154,26.321088],[127.771217,26.321183],[127.77128,26.321293],[127.771347,26.32141],[127.771349,26.321464],[127.771352,26.321551],[127.771351,26.321655],[127.771341,26.321715],[127.771329,26.321783],[127.771273,26.32205],[127.771264,26.322093],[127.771256,26.322257],[127.771615,26.322493],[127.772186,26.322832],[127.772186,26.322858],[127.77226,26.322938],[127.772452,26.323132],[127.772639,26.323369],[127.772719,26.323458],[127.772805,26.323554],[127.773133,26.32371],[127.7735,26.323972],[127.773646,26.324044],[127.773482,26.324255],[127.773111,26.32429],[127.772904,26.324163],[127.772801,26.32428],[127.772403,26.324326],[127.772242,26.324261],[127.771734,26.325232],[127.771485,26.325126],[127.771353,26.325428],[127.771262,26.325442],[127.771106,26.325835],[127.770884,26.326233],[127.770645,26.326664],[127.769583,26.326193],[127.769168,26.326007],[127.769148,26.325995],[127.769063,26.326157],[127.768791,26.326645]]]}},{"type":"Feature","properties":{"key":"47326007005","name":"字桑江","label":"字桑江〔0070-05〕","area_km2":0.1614,"pop_2020":677,"pop_2015":682,"male_2020":322,"female_2020":355,"households_2020":325,"u15_2020":134,"w15_64_2020":430,"o65_2020":56,"o75_2020":40,"ratio_u15":19.8,"ratio_w15_64":63.5,"ratio_o65":8.3,"ratio_o75":5.9,"ratio_o65_2015":13.6,"hh_single_ratio":53.4,"hh_avg_members":2.0,"hh_with_o65_ratio":6.8,"hh_with_u18_ratio":26.5,"hh_with_u6_ratio":17.3,"pop_change":-5,"pop_change_ratio":-0.7,"aging_change_pt":-5.3,"pop_density":4195},"geometry":{"type":"Polygon","coordinates":[[[127.765284,26.319844],[127.764754,26.320099],[127.764281,26.320355],[127.763848,26.320608],[127.763673,26.320711],[127.763597,26.320811],[127.763497,26.320945],[127.763405,26.321067],[127.763248,26.321276],[127.763239,26.321288],[127.76308,26.3215],[127.76303,26.321526],[127.762649,26.321725],[127.76256,26.32179],[127.762505,26.321766],[127.761706,26.321422],[127.760795,26.32103],[127.759951,26.320667],[127.759951,26.320666],[127.759062,26.320284],[127.759085,26.320232],[127.759315,26.319748],[127.759433,26.319461],[127.759466,26.319355],[127.75956,26.319056],[127.759589,26.318927],[127.759605,26.318852],[127.759693,26.318496],[127.759708,26.318436],[127.759765,26.318162],[127.759815,26.317918],[127.759917,26.317456],[127.759924,26.317425],[127.761382,26.318028],[127.762314,26.318414],[127.762578,26.318523],[127.763174,26.318641],[127.763363,26.318603],[127.763413,26.318593],[127.763691,26.318569],[127.763863,26.318521],[127.764488,26.319332],[127.7647,26.319283],[127.765284,26.319844]]]}},{"type":"Feature","properties":{"key":"473260080","name":"字伊平","label":"字伊平","area_km2":4.3446,"pop_2020":821,"pop_2015":172,"male_2020":379,"female_2020":442,"households_2020":446,"u15_2020":130,"w15_64_2020":545,"o65_2020":103,"o75_2020":71,"ratio_u15":15.8,"ratio_w15_64":66.4,"ratio_o65":12.5,"ratio_o75":8.6,"ratio_o65_2015":14.5,"hh_single_ratio":60.5,"hh_avg_members":1.84,"hh_with_o65_ratio":19.7,"hh_with_u18_ratio":20.9,"hh_with_u6_ratio":11.4,"pop_change":649,"pop_change_ratio":377.3,"aging_change_pt":-2.0,"pop_density":189},"geometry":{"type":"Polygon","coordinates":[[[127.775088,26.345455],[127.775032,26.345476],[127.774955,26.34551],[127.774908,26.345531],[127.774815,26.345559],[127.774725,26.345597],[127.774684,26.345618],[127.774651,26.34565],[127.774627,26.345681],[127.774606,26.345732],[127.774568,26.345851],[127.77454,26.345948],[127.774502,26.34602],[127.774461,26.346101],[127.774365,26.346294],[127.774327,26.346312],[127.774229,26.346317],[127.774133,26.346364],[127.774114,26.346371],[127.774059,26.346372],[127.773997,26.346359],[127.773787,26.346314],[127.77368,26.346292],[127.773281,26.346285],[127.773232,26.346268],[127.773162,26.346244],[127.773127,26.346219],[127.773086,26.346177],[127.773048,26.346101],[127.773028,26.346031],[127.773009,26.345948],[127.772998,26.345886],[127.772976,26.345788],[127.772876,26.34568],[127.772861,26.34566],[127.772794,26.345514],[127.772728,26.345386],[127.772608,26.345166],[127.772444,26.34488],[127.772299,26.344625],[127.772153,26.344367],[127.772008,26.344111],[127.771863,26.343854],[127.77173,26.343619],[127.771589,26.343367],[127.771255,26.343469],[127.770925,26.343577],[127.770795,26.343405],[127.770737,26.343328],[127.770714,26.343152],[127.770683,26.342906],[127.770657,26.34269],[127.770561,26.342566],[127.770457,26.342428],[127.770264,26.342178],[127.770074,26.341919],[127.769891,26.341671],[127.7698,26.341676],[127.76957,26.341403],[127.769614,26.341347],[127.769449,26.341111],[127.769119,26.341286],[127.768851,26.341427],[127.768585,26.34157],[127.768436,26.341642],[127.768253,26.341731],[127.768163,26.341479],[127.768136,26.341379],[127.768296,26.341379],[127.768249,26.341258],[127.76816,26.341241],[127.768044,26.341209],[127.76791,26.341166],[127.767764,26.341114],[127.767678,26.341076],[127.767634,26.341053],[127.767573,26.341022],[127.767517,26.340995],[127.767431,26.340931],[127.767399,26.340977],[127.767301,26.341131],[127.767237,26.341231],[127.767156,26.341368],[127.767099,26.341456],[127.767058,26.341631],[127.767039,26.341708],[127.766726,26.341732],[127.766619,26.34174],[127.766384,26.341656],[127.766127,26.341555],[127.766002,26.341687],[127.765957,26.341747],[127.765905,26.341793],[127.765834,26.341837],[127.765758,26.341873],[127.765643,26.341929],[127.765602,26.341949],[127.76556,26.341954],[127.765533,26.341954],[127.765498,26.341944],[127.765435,26.341915],[127.765264,26.341832],[127.765187,26.341824],[127.765148,26.341829],[127.765021,26.341948],[127.764885,26.342007],[127.764845,26.342012],[127.764806,26.342023],[127.764758,26.34204],[127.764728,26.342054],[127.764644,26.342109],[127.764565,26.34215],[127.764474,26.342197],[127.764398,26.342231],[127.76433,26.342259],[127.764274,26.342294],[127.764217,26.34235],[127.764192,26.342386],[127.764175,26.34242],[127.76415,26.342454],[127.764133,26.342463],[127.764105,26.342464],[127.764078,26.342465],[127.763989,26.342443],[127.763915,26.342428],[127.764002,26.342319],[127.764062,26.342244],[127.764099,26.342192],[127.764102,26.342183],[127.764059,26.342154],[127.763986,26.342099],[127.763934,26.342052],[127.763878,26.342003],[127.763843,26.341965],[127.763752,26.341934],[127.763664,26.3419],[127.763637,26.341762],[127.7635,26.341715],[127.763374,26.341672],[127.763165,26.341611],[127.762924,26.341594],[127.762758,26.341581],[127.762651,26.341668],[127.762572,26.341727],[127.762487,26.341795],[127.762376,26.34188],[127.762334,26.341914],[127.762281,26.341941],[127.762247,26.341952],[127.76221,26.341961],[127.762176,26.341965],[127.762142,26.341967],[127.762095,26.341962],[127.762004,26.341948],[127.761847,26.341919],[127.761768,26.341904],[127.761636,26.341843],[127.761476,26.341751],[127.761337,26.3417],[127.761171,26.341656],[127.761018,26.341592],[127.760883,26.341514],[127.760126,26.340955],[127.759945,26.340803],[127.759797,26.340638],[127.75952,26.340298],[127.759476,26.340268],[127.759426,26.340251],[127.759334,26.340227],[127.759272,26.34021],[127.759209,26.340179],[127.759074,26.340112],[127.759007,26.340078],[127.758926,26.340036],[127.758775,26.339993],[127.758646,26.339957],[127.758398,26.339886],[127.758292,26.339859],[127.758273,26.339858],[127.758248,26.339859],[127.758083,26.339906],[127.75797,26.339939],[127.75786,26.339974],[127.757798,26.339987],[127.757759,26.339996],[127.757665,26.340002],[127.757631,26.340009],[127.757596,26.340015],[127.757564,26.340026],[127.757515,26.340049],[127.757428,26.340105],[127.757312,26.340177],[127.757267,26.340205],[127.757195,26.340214],[127.75712,26.340224],[127.756931,26.340247],[127.756841,26.34033],[127.756761,26.340378],[127.756629,26.340462],[127.756464,26.34055],[127.756269,26.340651],[127.756042,26.340767],[127.756029,26.340783],[127.755944,26.340951],[127.755888,26.341062],[127.755776,26.341175],[127.75561,26.34135],[127.755673,26.341456],[127.755755,26.341587],[127.755596,26.341817],[127.755558,26.341874],[127.755495,26.341938],[127.755443,26.341987],[127.755345,26.342058],[127.755322,26.34207],[127.755283,26.342086],[127.755215,26.34211],[127.755065,26.342168],[127.754931,26.342218],[127.754924,26.342068],[127.754746,26.342046],[127.754735,26.342055],[127.754624,26.3421],[127.75446,26.342167],[127.754362,26.342208],[127.754157,26.342134],[127.754051,26.342089],[127.754014,26.342068],[127.753966,26.342039],[127.753744,26.342054],[127.753632,26.342064],[127.753366,26.342216],[127.753164,26.34233],[127.753078,26.342332],[127.752949,26.342418],[127.752646,26.342622],[127.752463,26.34275],[127.752396,26.342742],[127.752299,26.342908],[127.752219,26.343047],[127.752043,26.343142],[127.751979,26.34318],[127.751881,26.343139],[127.75171,26.343072],[127.751589,26.343098],[127.751282,26.343168],[127.75093,26.343248],[127.750763,26.343288],[127.750644,26.343356],[127.75044,26.34347],[127.750253,26.343574],[127.749989,26.343531],[127.749847,26.343505],[127.749728,26.343477],[127.749623,26.343447],[127.749509,26.343408],[127.749391,26.343354],[127.749325,26.343321],[127.749218,26.343261],[127.749139,26.343215],[127.749031,26.34316],[127.748935,26.343114],[127.748838,26.343071],[127.748764,26.343043],[127.748682,26.343012],[127.748563,26.342969],[127.748472,26.342944],[127.748369,26.342921],[127.748281,26.342906],[127.748124,26.342889],[127.748016,26.342885],[127.747896,26.34288],[127.747826,26.342871],[127.747715,26.342854],[127.747609,26.34283],[127.747465,26.342792],[127.747343,26.342761],[127.747197,26.342722],[127.747066,26.34269],[127.746985,26.342679],[127.746835,26.342668],[127.74674,26.342674],[127.746655,26.342687],[127.746549,26.342718],[127.74643,26.342753],[127.746372,26.342758],[127.74634,26.342758],[127.746308,26.342749],[127.746231,26.342718],[127.746133,26.342677],[127.746032,26.342628],[127.74597,26.342626],[127.745921,26.342523],[127.745865,26.342482],[127.745854,26.342473],[127.745846,26.342464],[127.745844,26.34246],[127.745838,26.342447],[127.745826,26.342438],[127.745819,26.342431],[127.745814,26.342422],[127.745811,26.342414],[127.74581,26.342402],[127.745816,26.342368],[127.745813,26.342349],[127.74581,26.342326],[127.745805,26.342303],[127.745791,26.34225],[127.745789,26.342241],[127.745787,26.342234],[127.745788,26.34222],[127.745791,26.342207],[127.745796,26.342182],[127.745808,26.342163],[127.745827,26.342151],[127.745848,26.342136],[127.745879,26.342107],[127.745916,26.342068],[127.745946,26.342035],[127.745974,26.342002],[127.746012,26.341956],[127.746079,26.341871],[127.746095,26.341854],[127.746107,26.341842],[127.746117,26.341828],[127.746122,26.341813],[127.746123,26.341802],[127.746125,26.341784],[127.746127,26.341769],[127.746132,26.341756],[127.746144,26.341745],[127.746162,26.341736],[127.746182,26.341728],[127.746202,26.341713],[127.746221,26.341699],[127.746246,26.341691],[127.746278,26.341691],[127.746313,26.341697],[127.746338,26.3417],[127.746362,26.341708],[127.746386,26.341721],[127.746409,26.341741],[127.746435,26.341754],[127.746456,26.341753],[127.746478,26.341747],[127.7465,26.341742],[127.746521,26.341739],[127.746542,26.34174],[127.746593,26.341748],[127.746695,26.34176],[127.746715,26.341758],[127.746741,26.341749],[127.746761,26.341739],[127.746777,26.341725],[127.746791,26.341711],[127.74682,26.341671],[127.746844,26.341628],[127.746866,26.341574],[127.746887,26.341508],[127.746904,26.341441],[127.746919,26.341354],[127.746929,26.341266],[127.746932,26.341181],[127.746927,26.341099],[127.746921,26.341059],[127.746906,26.340999],[127.746892,26.340959],[127.746876,26.340921],[127.746862,26.340893],[127.746845,26.340866],[127.746824,26.340841],[127.746801,26.340819],[127.746778,26.340793],[127.746767,26.340774],[127.746762,26.340755],[127.746766,26.340735],[127.746781,26.340716],[127.746791,26.340707],[127.746819,26.340691],[127.746828,26.340689],[127.746853,26.34068],[127.746889,26.340675],[127.746938,26.34067],[127.746985,26.340672],[127.747008,26.340678],[127.747031,26.340688],[127.747052,26.340701],[127.747092,26.340733],[127.747127,26.340764],[127.74716,26.340789],[127.747195,26.340811],[127.747243,26.340831],[127.747268,26.34084],[127.747322,26.340853],[127.747383,26.340861],[127.747476,26.340868],[127.747481,26.340864],[127.747486,26.340859],[127.747488,26.340855],[127.74749,26.340848],[127.74749,26.340844],[127.747487,26.340833],[127.747486,26.340831],[127.747449,26.340807],[127.747413,26.340783],[127.74737,26.340758],[127.747324,26.34073],[127.747277,26.340703],[127.747203,26.340663],[127.747127,26.340624],[127.747067,26.340594],[127.747022,26.340571],[127.746982,26.340543],[127.746955,26.340517],[127.746933,26.340488],[127.746929,26.340479],[127.746918,26.340456],[127.74691,26.340424],[127.746908,26.340391],[127.746908,26.340371],[127.746914,26.340331],[127.746925,26.340291],[127.746942,26.340232],[127.746956,26.340172],[127.746961,26.340142],[127.746962,26.34009],[127.746964,26.340038],[127.746972,26.339992],[127.746988,26.339954],[127.747011,26.339917],[127.747041,26.339881],[127.747055,26.339869],[127.747077,26.339849],[127.747127,26.339815],[127.747158,26.339796],[127.747223,26.339763],[127.747277,26.339736],[127.747317,26.339717],[127.74736,26.339702],[127.74742,26.339686],[127.747406,26.339592],[127.747356,26.339592],[127.747327,26.339591],[127.747287,26.339587],[127.747237,26.339575],[127.747189,26.339559],[127.747135,26.339533],[127.747087,26.339502],[127.747067,26.339483],[127.747039,26.339457],[127.747016,26.339428],[127.746996,26.339397],[127.746966,26.339332],[127.746945,26.339259],[127.746931,26.339186],[127.74692,26.339093],[127.74691,26.33898],[127.746906,26.338866],[127.746905,26.338815],[127.7469,26.338765],[127.746889,26.338723],[127.746876,26.338692],[127.746858,26.338661],[127.746825,26.33862],[127.746807,26.338601],[127.746765,26.338569],[127.746736,26.338554],[127.746674,26.338531],[127.746608,26.338515],[127.746537,26.338497],[127.746468,26.338482],[127.746399,26.338471],[127.746332,26.338463],[127.746265,26.338454],[127.746207,26.33844],[127.746152,26.338424],[127.746123,26.338413],[127.7461,26.338403],[127.746071,26.338391],[127.746031,26.338372],[127.745966,26.338337],[127.745948,26.338328],[127.745936,26.338322],[127.745894,26.3383],[127.745828,26.338257],[127.745798,26.338232],[127.745747,26.338181],[127.745703,26.338129],[127.745661,26.338076],[127.745623,26.338024],[127.745588,26.337969],[127.745851,26.337821],[127.745979,26.33778],[127.746124,26.33779],[127.746258,26.3378],[127.746598,26.337724],[127.746821,26.337694],[127.747178,26.337592],[127.748257,26.337337],[127.749458,26.337046],[127.750394,26.336818],[127.750996,26.336661],[127.751225,26.336636],[127.751415,26.336676],[127.751483,26.335879],[127.751541,26.334477],[127.751608,26.333027],[127.751633,26.331816],[127.751631,26.331042],[127.751639,26.330854],[127.751662,26.330482],[127.751687,26.330073],[127.751722,26.329935],[127.751762,26.329778],[127.751802,26.329614],[127.751886,26.329258],[127.752003,26.328985],[127.752103,26.328795],[127.752149,26.328707],[127.75242,26.328268],[127.75269,26.32792],[127.753194,26.327352],[127.753357,26.327157],[127.754001,26.326388],[127.754242,26.326105],[127.754881,26.325375],[127.755189,26.325027],[127.755439,26.324752],[127.755471,26.324717],[127.755836,26.324291],[127.756065,26.324043],[127.756379,26.323684],[127.756724,26.323298],[127.756939,26.32306],[127.756994,26.322999],[127.757202,26.32277],[127.757283,26.322672],[127.75739,26.322543],[127.757728,26.322165],[127.758015,26.321829],[127.758284,26.321514],[127.758409,26.32136],[127.758553,26.32115],[127.758872,26.320646],[127.758998,26.320442],[127.759037,26.32034],[127.759062,26.320284],[127.759951,26.320666],[127.759951,26.320667],[127.760795,26.32103],[127.761706,26.321422],[127.762505,26.321766],[127.76256,26.32179],[127.761822,26.322323],[127.76136,26.322712],[127.760847,26.32334],[127.761247,26.32425],[127.761265,26.324337],[127.761281,26.324414],[127.760915,26.324508],[127.760309,26.324663],[127.760105,26.324715],[127.759873,26.32473],[127.759459,26.324522],[127.759327,26.324806],[127.759265,26.324945],[127.758701,26.325353],[127.758624,26.325408],[127.758755,26.325702],[127.758811,26.325811],[127.759362,26.326297],[127.759465,26.326591],[127.759447,26.326792],[127.759372,26.326994],[127.759131,26.327154],[127.758898,26.327247],[127.758684,26.327373],[127.758532,26.327595],[127.758622,26.32761],[127.759369,26.327745],[127.760112,26.327847],[127.760527,26.327891],[127.761067,26.32788],[127.761534,26.327818],[127.761946,26.327759],[127.761904,26.327701],[127.761854,26.327671],[127.76177,26.327626],[127.761667,26.327584],[127.761548,26.327556],[127.761109,26.327442],[127.761615,26.327377],[127.761674,26.3274],[127.761851,26.327194],[127.762297,26.327078],[127.761954,26.326482],[127.761939,26.325711],[127.762197,26.325489],[127.762602,26.324827],[127.763024,26.324146],[127.76305,26.323737],[127.763119,26.323665],[127.763273,26.323848],[127.763263,26.324102],[127.763309,26.324621],[127.763027,26.324693],[127.76305,26.325028],[127.762915,26.325099],[127.762983,26.325191],[127.762938,26.325303],[127.762814,26.325323],[127.762939,26.325506],[127.763041,26.32575],[127.764011,26.32585],[127.764112,26.325727],[127.764078,26.325321],[127.764537,26.325304],[127.764811,26.325299],[127.764935,26.325299],[127.765093,26.325451],[127.765297,26.325613],[127.765444,26.325695],[127.765669,26.325775],[127.765027,26.326071],[127.765095,26.326153],[127.765626,26.326396],[127.765627,26.3264],[127.765676,26.326522],[127.765722,26.32664],[127.765739,26.326847],[127.765691,26.326901],[127.765625,26.327091],[127.765523,26.327336],[127.765427,26.327581],[127.765332,26.327864],[127.76526,26.328022],[127.7652,26.328185],[127.765162,26.328435],[127.765207,26.32844],[127.765264,26.328089],[127.765414,26.328107],[127.765609,26.328322],[127.76559,26.328138],[127.765977,26.328048],[127.766278,26.327926],[127.766472,26.327802],[127.766509,26.327945],[127.766682,26.327731],[127.766865,26.327702],[127.767094,26.327714],[127.767013,26.327844],[127.767266,26.327801],[127.767617,26.328001],[127.76783,26.328139],[127.767875,26.328156],[127.767936,26.328157],[127.767997,26.32815],[127.768049,26.328115],[127.768004,26.328201],[127.767991,26.328267],[127.768008,26.328316],[127.768057,26.328369],[127.768244,26.328482],[127.76859,26.328644],[127.768884,26.328782],[127.769178,26.329182],[127.76938,26.329578],[127.769556,26.329587],[127.769723,26.329649],[127.769778,26.329687],[127.769824,26.329999],[127.769894,26.330214],[127.769977,26.330351],[127.770066,26.330459],[127.770358,26.33071],[127.770396,26.330742],[127.77058,26.330901],[127.770701,26.330951],[127.771023,26.331038],[127.771079,26.331186],[127.771128,26.331319],[127.771237,26.331445],[127.771487,26.331566],[127.772139,26.33178],[127.77227,26.331834],[127.772318,26.331853],[127.772495,26.331962],[127.772606,26.332078],[127.772635,26.332109],[127.772661,26.332137],[127.772717,26.332162],[127.772765,26.332171],[127.772855,26.332171],[127.772942,26.332118],[127.773011,26.332126],[127.773652,26.332204],[127.773956,26.331847],[127.774136,26.331691],[127.774301,26.331609],[127.774404,26.331558],[127.775059,26.331297],[127.776036,26.330897],[127.776133,26.330782],[127.776287,26.33087],[127.776603,26.330907],[127.777019,26.330919],[127.777348,26.330846],[127.777528,26.330771],[127.778054,26.330578],[127.778,26.330641],[127.777875,26.330745],[127.777661,26.331012],[127.777541,26.33122],[127.777398,26.33128],[127.777224,26.331656],[127.777098,26.332106],[127.777105,26.332185],[127.777118,26.332228],[127.777168,26.332294],[127.77724,26.332374],[127.777314,26.332455],[127.777349,26.332529],[127.777366,26.332653],[127.777406,26.332972],[127.777423,26.333209],[127.777418,26.333261],[127.777387,26.333314],[127.77731,26.333491],[127.777249,26.333628],[127.777195,26.333721],[127.777165,26.333754],[127.777123,26.333776],[127.777069,26.333794],[127.777019,26.333792],[127.776906,26.333792],[127.776822,26.333801],[127.776748,26.333806],[127.77586,26.334099],[127.775805,26.334169],[127.775817,26.334391],[127.775792,26.334493],[127.775781,26.334532],[127.775699,26.334617],[127.775677,26.334671],[127.775689,26.33479],[127.775601,26.334993],[127.775383,26.335507],[127.774866,26.336287],[127.774292,26.337075],[127.773805,26.337773],[127.77382,26.338369],[127.773782,26.338517],[127.773018,26.339382],[127.77354,26.339782],[127.773678,26.339836],[127.774038,26.34007],[127.774852,26.340711],[127.776029,26.341688],[127.776644,26.342073],[127.776853,26.34226],[127.777139,26.342507],[127.777261,26.342794],[127.777302,26.342945],[127.777238,26.343042],[127.777238,26.343132],[127.776984,26.343116],[127.776693,26.343107],[127.77654,26.343085],[127.77636,26.34305],[127.776274,26.343136],[127.776208,26.343217],[127.776192,26.343305],[127.776177,26.3434],[127.776156,26.343492],[127.776141,26.343566],[127.776126,26.343672],[127.776126,26.343828],[127.776146,26.344053],[127.776187,26.344333],[127.776201,26.344452],[127.776202,26.344565],[127.776192,26.344736],[127.776186,26.344799],[127.776166,26.344887],[127.776148,26.344935],[127.776121,26.344989],[127.776088,26.345039],[127.776061,26.345073],[127.776043,26.345114],[127.776026,26.345151],[127.775945,26.345254],[127.775916,26.345305],[127.775818,26.345468],[127.775791,26.345514],[127.775757,26.345551],[127.77567,26.345619],[127.775632,26.345625],[127.77556,26.345599],[127.775479,26.345555],[127.775404,26.345526],[127.775267,26.345471],[127.775192,26.345452],[127.775154,26.345448],[127.775131,26.345448],[127.775088,26.345455]]]}},{"type":"Feature","properties":{"key":"473260090","name":"字上勢頭","label":"字上勢頭","area_km2":0.466,"pop_2020":2296,"pop_2015":2402,"male_2020":1129,"female_2020":1167,"households_2020":872,"u15_2020":425,"w15_64_2020":1345,"o65_2020":483,"o75_2020":244,"ratio_u15":18.5,"ratio_w15_64":58.6,"ratio_o65":21.0,"ratio_o75":10.6,"ratio_o65_2015":22.7,"hh_single_ratio":26.1,"hh_avg_members":2.62,"hh_with_o65_ratio":36.4,"hh_with_u18_ratio":30.1,"hh_with_u6_ratio":13.8,"pop_change":-106,"pop_change_ratio":-4.4,"aging_change_pt":-1.7,"pop_density":4927},"geometry":{"type":"Polygon","coordinates":[[[127.773652,26.332204],[127.773011,26.332126],[127.772942,26.332118],[127.772855,26.332171],[127.772765,26.332171],[127.772717,26.332162],[127.772661,26.332137],[127.772635,26.332109],[127.772606,26.332078],[127.772495,26.331962],[127.772318,26.331853],[127.77227,26.331834],[127.772139,26.33178],[127.771487,26.331566],[127.771237,26.331445],[127.771128,26.331319],[127.771079,26.331186],[127.771023,26.331038],[127.770701,26.330951],[127.77058,26.330901],[127.770396,26.330742],[127.770358,26.33071],[127.770066,26.330459],[127.769977,26.330351],[127.769894,26.330214],[127.769824,26.329999],[127.769778,26.329687],[127.769723,26.329649],[127.769556,26.329587],[127.76938,26.329578],[127.769178,26.329182],[127.768884,26.328782],[127.76859,26.328644],[127.768244,26.328482],[127.768057,26.328369],[127.768008,26.328316],[127.767991,26.328267],[127.768004,26.328201],[127.768049,26.328115],[127.767997,26.32815],[127.767936,26.328157],[127.767875,26.328156],[127.76783,26.328139],[127.767617,26.328001],[127.767266,26.327801],[127.767013,26.327844],[127.767094,26.327714],[127.766865,26.327702],[127.766682,26.327731],[127.766509,26.327945],[127.766472,26.327802],[127.766278,26.327926],[127.765977,26.328048],[127.76559,26.328138],[127.765609,26.328322],[127.765414,26.328107],[127.765264,26.328089],[127.765207,26.32844],[127.765162,26.328435],[127.7652,26.328185],[127.76526,26.328022],[127.765332,26.327864],[127.765427,26.327581],[127.765523,26.327336],[127.765625,26.327091],[127.765691,26.326901],[127.765739,26.326847],[127.765722,26.32664],[127.765676,26.326522],[127.765627,26.3264],[127.765626,26.326396],[127.765095,26.326153],[127.765027,26.326071],[127.765669,26.325775],[127.765749,26.325979],[127.765851,26.326111],[127.765997,26.326181],[127.766268,26.326171],[127.76646,26.32614],[127.766595,26.32614],[127.766731,26.3262],[127.767114,26.32624],[127.767133,26.326245],[127.767374,26.326301],[127.767543,26.326367],[127.767955,26.326383],[127.768087,26.326383],[127.768195,26.326377],[127.768192,26.32659],[127.76839,26.326655],[127.768289,26.326889],[127.768599,26.327001],[127.768772,26.326679],[127.76917,26.326887],[127.769214,26.326814],[127.769641,26.326985],[127.770243,26.326851],[127.770439,26.32694],[127.770703,26.326991],[127.771009,26.327022],[127.771231,26.327018],[127.771342,26.32699],[127.771598,26.326948],[127.771843,26.326906],[127.77208,26.326913],[127.772394,26.326953],[127.772654,26.326974],[127.772876,26.326959],[127.772966,26.326913],[127.773017,26.326858],[127.773013,26.326807],[127.773243,26.326845],[127.773436,26.326857],[127.773469,26.326895],[127.773503,26.327141],[127.773417,26.327277],[127.773505,26.327382],[127.773562,26.3275],[127.773666,26.327665],[127.773785,26.327765],[127.773929,26.327818],[127.774258,26.327831],[127.774625,26.327782],[127.774763,26.327782],[127.774962,26.327823],[127.775241,26.327881],[127.775532,26.32788],[127.775662,26.327859],[127.775832,26.327792],[127.776085,26.327695],[127.776274,26.327627],[127.776411,26.32752],[127.776638,26.327339],[127.776689,26.327291],[127.776723,26.327259],[127.776835,26.327204],[127.776966,26.327187],[127.777167,26.327181],[127.777307,26.327225],[127.777499,26.327293],[127.7777,26.327349],[127.77774,26.327398],[127.778008,26.32773],[127.778245,26.327947],[127.77827,26.327983],[127.778293,26.328014],[127.778301,26.328151],[127.778305,26.328247],[127.778282,26.328484],[127.778298,26.328767],[127.778306,26.328835],[127.778408,26.329105],[127.778496,26.329302],[127.778538,26.329408],[127.778584,26.329524],[127.7786,26.32961],[127.778601,26.329703],[127.77856,26.329788],[127.778537,26.329835],[127.778514,26.32985],[127.778329,26.330111],[127.778219,26.330358],[127.778209,26.330418],[127.778104,26.330517],[127.778064,26.330565],[127.778054,26.330578],[127.777528,26.330771],[127.777348,26.330846],[127.777019,26.330919],[127.776603,26.330907],[127.776287,26.33087],[127.776133,26.330782],[127.776036,26.330897],[127.775059,26.331297],[127.774404,26.331558],[127.774301,26.331609],[127.774136,26.331691],[127.773956,26.331847],[127.773652,26.332204]]]}},{"type":"Feature","properties":{"key":"473260110","name":"字浜川","label":"字浜川","area_km2":0.1811,"pop_2020":1070,"pop_2015":1183,"male_2020":500,"female_2020":570,"households_2020":461,"u15_2020":157,"w15_64_2020":707,"o65_2020":179,"o75_2020":80,"ratio_u15":14.7,"ratio_w15_64":66.1,"ratio_o65":16.7,"ratio_o75":7.5,"ratio_o65_2015":13.9,"hh_single_ratio":37.3,"hh_avg_members":2.32,"hh_with_o65_ratio":27.3,"hh_with_u18_ratio":23.6,"hh_with_u6_ratio":8.5,"pop_change":-113,"pop_change_ratio":-9.6,"aging_change_pt":2.8,"pop_density":5910},"geometry":{"type":"Polygon","coordinates":[[[127.754117,26.324845],[127.75413,26.324854],[127.754329,26.324994],[127.754881,26.325375],[127.754242,26.326105],[127.754001,26.326388],[127.753357,26.327157],[127.753194,26.327352],[127.75269,26.32792],[127.75242,26.328268],[127.752149,26.328707],[127.752103,26.328795],[127.752003,26.328985],[127.751886,26.329258],[127.751802,26.329614],[127.751762,26.329778],[127.751722,26.329935],[127.751687,26.330073],[127.751662,26.330482],[127.751639,26.330854],[127.751221,26.330796],[127.750532,26.330701],[127.750326,26.330672],[127.75011,26.330642],[127.749987,26.330624],[127.749538,26.330561],[127.749299,26.330512],[127.748959,26.330429],[127.748878,26.330406],[127.74867,26.330345],[127.74839,26.330266],[127.74813,26.330178],[127.747874,26.330101],[127.747847,26.330093],[127.747705,26.330049],[127.747405,26.329969],[127.747417,26.329711],[127.74758,26.32886],[127.747665,26.328826],[127.747792,26.328795],[127.74794,26.32878],[127.747937,26.328726],[127.748184,26.328697],[127.748336,26.328669],[127.748809,26.328522],[127.748854,26.32833],[127.748966,26.328307],[127.749033,26.328284],[127.749121,26.328223],[127.749398,26.327992],[127.74956,26.327899],[127.749778,26.327819],[127.749837,26.327792],[127.749888,26.327765],[127.750185,26.327507],[127.750597,26.32715],[127.750698,26.327031],[127.750869,26.326919],[127.751038,26.326881],[127.751445,26.326834],[127.751721,26.326798],[127.751843,26.326786],[127.751927,26.326779],[127.752065,26.326759],[127.752204,26.326714],[127.752309,26.326638],[127.752412,26.326533],[127.752447,26.326497],[127.752565,26.326338],[127.75311,26.325602],[127.753418,26.325186],[127.753804,26.324665],[127.754117,26.324845]]]}},{"type":"Feature","properties":{"key":"473260120","name":"字砂辺","label":"字砂辺","area_km2":0.4844,"pop_2020":1215,"pop_2015":1200,"male_2020":595,"female_2020":620,"households_2020":475,"u15_2020":241,"w15_64_2020":768,"o65_2020":199,"o75_2020":102,"ratio_u15":19.8,"ratio_w15_64":63.2,"ratio_o65":16.4,"ratio_o75":8.4,"ratio_o65_2015":15.5,"hh_single_ratio":30.8,"hh_avg_members":2.56,"hh_with_o65_ratio":31.2,"hh_with_u18_ratio":33.8,"hh_with_u6_ratio":15.2,"pop_change":15,"pop_change_ratio":1.2,"aging_change_pt":0.9,"pop_density":2508},"geometry":{"type":"Polygon","coordinates":[[[127.745851,26.337821],[127.745588,26.337969],[127.745558,26.337911],[127.745535,26.337854],[127.745518,26.337796],[127.745509,26.337754],[127.745504,26.337728],[127.745486,26.337625],[127.74547,26.337549],[127.745454,26.337476],[127.745424,26.337368],[127.745387,26.337255],[127.745383,26.337245],[127.745358,26.33717],[127.745334,26.33711],[127.745304,26.337046],[127.745275,26.336993],[127.745245,26.336939],[127.745227,26.336912],[127.745214,26.336896],[127.745193,26.336882],[127.745178,26.336875],[127.745166,26.33687],[127.74516,26.336864],[127.74516,26.336853],[127.745166,26.336842],[127.745178,26.336832],[127.74519,26.336821],[127.745196,26.336804],[127.745196,26.336788],[127.74519,26.336772],[127.745178,26.336762],[127.74516,26.336751],[127.745137,26.33673],[127.745111,26.336703],[127.74509,26.336674],[127.745065,26.336633],[127.745047,26.336596],[127.745034,26.336557],[127.745029,26.336526],[127.745027,26.336501],[127.74503,26.336472],[127.745034,26.336439],[127.745039,26.336406],[127.745038,26.336387],[127.745033,26.336378],[127.745023,26.33637],[127.744999,26.336364],[127.744963,26.336364],[127.744933,26.336364],[127.744917,26.33636],[127.744904,26.336348],[127.744898,26.336337],[127.744896,26.336318],[127.744899,26.336295],[127.744909,26.336252],[127.744915,26.336241],[127.744927,26.336235],[127.74495,26.336236],[127.744963,26.336235],[127.744993,26.33623],[127.745005,26.336225],[127.745017,26.336219],[127.745034,26.336208],[127.74504,26.336198],[127.745046,26.336182],[127.745048,26.336168],[127.74505,26.336138],[127.745054,26.336119],[127.745061,26.336109],[127.74507,26.336103],[127.745094,26.336091],[127.745104,26.336082],[127.745112,26.336069],[127.745118,26.336058],[127.745124,26.336053],[127.745136,26.336053],[127.745148,26.336054],[127.745154,26.336058],[127.745189,26.336074],[127.74522,26.336088],[127.745246,26.336093],[127.745267,26.336095],[127.74529,26.336095],[127.745311,26.336093],[127.745326,26.33609],[127.745345,26.336086],[127.745359,26.33608],[127.745373,26.336073],[127.745386,26.336063],[127.745422,26.336032],[127.74545,26.336007],[127.745466,26.33599],[127.745486,26.335966],[127.745497,26.335946],[127.745508,26.335938],[127.745534,26.335934],[127.745558,26.335934],[127.745564,26.33592],[127.745568,26.335905],[127.745571,26.335889],[127.745572,26.335876],[127.745573,26.335846],[127.745572,26.335814],[127.745569,26.335757],[127.745688,26.335757],[127.745643,26.335378],[127.745632,26.335294],[127.745627,26.335251],[127.745621,26.335185],[127.745618,26.33512],[127.745618,26.335048],[127.745625,26.334861],[127.745635,26.334624],[127.745629,26.334513],[127.745626,26.334433],[127.745624,26.334405],[127.74562,26.334391],[127.745573,26.334376],[127.745544,26.33437],[127.745518,26.334371],[127.745502,26.334372],[127.745478,26.334376],[127.74544,26.334389],[127.745371,26.33441],[127.745305,26.334428],[127.745252,26.334438],[127.745179,26.334444],[127.745145,26.334446],[127.745077,26.33445],[127.745009,26.334451],[127.745001,26.334452],[127.744978,26.334452],[127.744961,26.334452],[127.744946,26.334458],[127.744932,26.334468],[127.744911,26.334484],[127.744872,26.33452],[127.744836,26.334546],[127.744815,26.334558],[127.744785,26.334576],[127.744747,26.334595],[127.744711,26.334609],[127.744669,26.334623],[127.744641,26.334631],[127.744617,26.334636],[127.744587,26.334638],[127.744552,26.334636],[127.744522,26.334633],[127.744503,26.334627],[127.744486,26.334615],[127.744478,26.334601],[127.744468,26.334597],[127.744393,26.334593],[127.744352,26.334589],[127.74432,26.334583],[127.744297,26.334576],[127.744276,26.334569],[127.744261,26.334566],[127.744236,26.334561],[127.744186,26.334556],[127.744162,26.33455],[127.744078,26.334533],[127.743991,26.334518],[127.743917,26.334507],[127.743853,26.334502],[127.743823,26.3345],[127.743774,26.334495],[127.743743,26.33449],[127.743707,26.33448],[127.743675,26.334474],[127.743645,26.334467],[127.743577,26.334449],[127.743526,26.334441],[127.743494,26.334438],[127.74346,26.334432],[127.743436,26.334427],[127.743408,26.334416],[127.743356,26.33439],[127.742816,26.334298],[127.742736,26.333853],[127.742662,26.333479],[127.742656,26.333438],[127.742653,26.333405],[127.742652,26.333368],[127.742654,26.33322],[127.742657,26.33303],[127.744244,26.333273],[127.744675,26.333353],[127.744748,26.333343],[127.744837,26.333305],[127.745115,26.332981],[127.745637,26.332447],[127.74575,26.331872],[127.745852,26.331667],[127.746095,26.331154],[127.746468,26.331242],[127.746657,26.331302],[127.746763,26.331121],[127.747046,26.330628],[127.747135,26.330492],[127.747241,26.330296],[127.746928,26.330171],[127.74706,26.329878],[127.74736,26.329956],[127.747405,26.329969],[127.747705,26.330049],[127.747847,26.330093],[127.747874,26.330101],[127.74813,26.330178],[127.74839,26.330266],[127.74867,26.330345],[127.748878,26.330406],[127.748959,26.330429],[127.749299,26.330512],[127.749538,26.330561],[127.749987,26.330624],[127.75011,26.330642],[127.750326,26.330672],[127.750532,26.330701],[127.751221,26.330796],[127.751639,26.330854],[127.751631,26.331042],[127.751633,26.331816],[127.751608,26.333027],[127.751541,26.334477],[127.751483,26.335879],[127.751415,26.336676],[127.751225,26.336636],[127.750996,26.336661],[127.750394,26.336818],[127.749458,26.337046],[127.748257,26.337337],[127.747178,26.337592],[127.746821,26.337694],[127.746598,26.337724],[127.746258,26.3378],[127.746124,26.33779],[127.745979,26.33778],[127.745851,26.337821]]]}},{"type":"Feature","properties":{"key":"473260130","name":"字宮城","label":"字宮城","area_km2":0.5987,"pop_2020":3689,"pop_2015":4022,"male_2020":1698,"female_2020":1991,"households_2020":1515,"u15_2020":661,"w15_64_2020":2141,"o65_2020":843,"o75_2020":310,"ratio_u15":17.9,"ratio_w15_64":58.0,"ratio_o65":22.9,"ratio_o75":8.4,"ratio_o65_2015":16.5,"hh_single_ratio":31.7,"hh_avg_members":2.43,"hh_with_o65_ratio":37.4,"hh_with_u18_ratio":28.7,"hh_with_u6_ratio":10.6,"pop_change":-333,"pop_change_ratio":-8.3,"aging_change_pt":6.4,"pop_density":6162},"geometry":{"type":"Polygon","coordinates":[[[127.745115,26.332981],[127.744837,26.333305],[127.744748,26.333343],[127.744675,26.333353],[127.744244,26.333273],[127.742657,26.33303],[127.742665,26.332516],[127.742645,26.332516],[127.742647,26.332462],[127.742671,26.332462],[127.742676,26.33186],[127.742686,26.33121],[127.742692,26.331183],[127.742912,26.330855],[127.742891,26.33084],[127.742918,26.330801],[127.742942,26.330812],[127.743227,26.33036],[127.743478,26.329968],[127.743536,26.329877],[127.743654,26.329695],[127.743875,26.329354],[127.744034,26.329101],[127.744047,26.32908],[127.744214,26.328833],[127.74419,26.328822],[127.744228,26.328765],[127.744251,26.328776],[127.744303,26.328704],[127.744488,26.328434],[127.744553,26.328338],[127.7446,26.328263],[127.744641,26.328188],[127.744655,26.328159],[127.744689,26.32809],[127.744755,26.327935],[127.744874,26.32766],[127.744968,26.327453],[127.745027,26.327321],[127.74508,26.327176],[127.745163,26.326999],[127.745211,26.326875],[127.745241,26.326805],[127.745252,26.326757],[127.745308,26.326415],[127.74538,26.325966],[127.745433,26.325661],[127.745457,26.32552],[127.74547,26.325521],[127.745475,26.325472],[127.745463,26.325471],[127.745498,26.325267],[127.745575,26.324777],[127.74561,26.324557],[127.745671,26.324188],[127.745712,26.323919],[127.745789,26.323769],[127.746069,26.323238],[127.746372,26.322676],[127.747852,26.322012],[127.747869,26.322004],[127.747968,26.32196],[127.747985,26.321961],[127.748501,26.322001],[127.748456,26.322072],[127.748693,26.32211],[127.748699,26.322119],[127.7487,26.322118],[127.748791,26.322157],[127.749444,26.322484],[127.75012,26.322808],[127.750348,26.322918],[127.750355,26.322921],[127.750798,26.323144],[127.750811,26.32315],[127.751256,26.323374],[127.751822,26.32366],[127.75197,26.323735],[127.75204,26.323772],[127.752042,26.323773],[127.752208,26.323863],[127.752262,26.323891],[127.752485,26.324002],[127.752518,26.324019],[127.752745,26.324133],[127.752776,26.324149],[127.752845,26.324184],[127.75292,26.324221],[127.753177,26.324348],[127.753299,26.324409],[127.753305,26.324412],[127.753505,26.324512],[127.753775,26.324648],[127.753804,26.324665],[127.753418,26.325186],[127.75311,26.325602],[127.752565,26.326338],[127.752447,26.326497],[127.752412,26.326533],[127.752309,26.326638],[127.752204,26.326714],[127.752065,26.326759],[127.751927,26.326779],[127.751843,26.326786],[127.751721,26.326798],[127.751445,26.326834],[127.751038,26.326881],[127.750869,26.326919],[127.750698,26.327031],[127.750597,26.32715],[127.750185,26.327507],[127.749888,26.327765],[127.749837,26.327792],[127.749778,26.327819],[127.74956,26.327899],[127.749398,26.327992],[127.749121,26.328223],[127.749033,26.328284],[127.748966,26.328307],[127.748854,26.32833],[127.748809,26.328522],[127.748336,26.328669],[127.748184,26.328697],[127.747937,26.328726],[127.74794,26.32878],[127.747792,26.328795],[127.747665,26.328826],[127.74758,26.32886],[127.747417,26.329711],[127.747405,26.329969],[127.74736,26.329956],[127.74706,26.329878],[127.746928,26.330171],[127.747241,26.330296],[127.747135,26.330492],[127.747046,26.330628],[127.746763,26.331121],[127.746657,26.331302],[127.746468,26.331242],[127.746095,26.331154],[127.745852,26.331667],[127.74575,26.331872],[127.745637,26.332447],[127.745115,26.332981]]]}},{"type":"Feature","properties":{"key":"473260140","name":"字港","label":"字港","area_km2":0.1124,"pop_2020":369,"pop_2015":429,"male_2020":167,"female_2020":202,"households_2020":171,"u15_2020":54,"w15_64_2020":203,"o65_2020":102,"o75_2020":45,"ratio_u15":14.6,"ratio_w15_64":55.0,"ratio_o65":27.6,"ratio_o75":12.2,"ratio_o65_2015":21.9,"hh_single_ratio":40.4,"hh_avg_members":2.16,"hh_with_o65_ratio":41.5,"hh_with_u18_ratio":22.8,"hh_with_u6_ratio":8.8,"pop_change":-60,"pop_change_ratio":-14.0,"aging_change_pt":5.7,"pop_density":3284},"geometry":{"type":"Polygon","coordinates":[[[127.753885,26.324631],[127.753775,26.324648],[127.753505,26.324512],[127.753305,26.324412],[127.753299,26.324409],[127.753177,26.324348],[127.75292,26.324221],[127.752845,26.324184],[127.752776,26.324149],[127.752745,26.324133],[127.752518,26.324019],[127.752485,26.324002],[127.752262,26.323891],[127.752208,26.323863],[127.752042,26.323773],[127.75204,26.323772],[127.75197,26.323735],[127.751822,26.32366],[127.751256,26.323374],[127.750811,26.32315],[127.750798,26.323144],[127.750355,26.322921],[127.750348,26.322918],[127.75012,26.322808],[127.749444,26.322484],[127.748791,26.322157],[127.7487,26.322118],[127.748699,26.322119],[127.748693,26.32211],[127.748456,26.322072],[127.748501,26.322001],[127.747985,26.321961],[127.747985,26.321961],[127.748344,26.321374],[127.748374,26.32137],[127.748551,26.321453],[127.748603,26.321371],[127.748677,26.321255],[127.748663,26.321207],[127.748737,26.321084],[127.748799,26.321066],[127.748912,26.320871],[127.748713,26.320772],[127.749036,26.320242],[127.749395,26.320419],[127.749437,26.32035],[127.749479,26.320372],[127.749679,26.320472],[127.750439,26.320852],[127.750625,26.320945],[127.751323,26.321291],[127.752534,26.321892],[127.752528,26.321903],[127.752583,26.321925],[127.752637,26.322081],[127.752494,26.322327],[127.752446,26.322307],[127.752375,26.322425],[127.752416,26.322446],[127.752257,26.322704],[127.752221,26.322688],[127.752149,26.322801],[127.752179,26.322817],[127.751959,26.323167],[127.753368,26.323863],[127.753332,26.323927],[127.753583,26.324048],[127.753678,26.324094],[127.754392,26.322948],[127.754395,26.322942],[127.754414,26.322951],[127.754663,26.322538],[127.754685,26.322517],[127.755464,26.32291],[127.755248,26.323251],[127.75528,26.323269],[127.754831,26.323703],[127.754669,26.32386],[127.754629,26.323898],[127.75463,26.323898],[127.754629,26.323899],[127.753885,26.324631]]]}},{"type":"Feature","properties":{"key":"47326015101","name":"美浜一丁目","label":"美浜一丁目","area_km2":0.1097,"pop_2020":221,"pop_2015":208,"male_2020":104,"female_2020":117,"households_2020":110,"u15_2020":39,"w15_64_2020":147,"o65_2020":24,"o75_2020":8,"ratio_u15":17.6,"ratio_w15_64":66.5,"ratio_o65":10.9,"ratio_o75":3.6,"ratio_o65_2015":6.7,"hh_single_ratio":45.9,"hh_avg_members":2.02,"hh_with_o65_ratio":16.5,"hh_with_u18_ratio":24.8,"hh_with_u6_ratio":12.8,"pop_change":13,"pop_change_ratio":6.2,"aging_change_pt":4.2,"pop_density":2014},"geometry":{"type":"Polygon","coordinates":[[[127.762983,26.310788],[127.762612,26.311514],[127.762094,26.312502],[127.761641,26.313374],[127.761432,26.313776],[127.761229,26.314156],[127.760847,26.313983],[127.760683,26.313918],[127.76041,26.313803],[127.760256,26.313742],[127.759873,26.31359],[127.759655,26.3135],[127.75998,26.312612],[127.759878,26.312562],[127.759312,26.312282],[127.760308,26.310372],[127.760493,26.310449],[127.761126,26.310713],[127.761327,26.309701],[127.761839,26.309685],[127.761829,26.309594],[127.761908,26.309582],[127.761978,26.309572],[127.762089,26.309567],[127.762202,26.309572],[127.76237,26.309596],[127.762488,26.309631],[127.762893,26.309809],[127.763334,26.30999],[127.762983,26.310788]]]}},{"type":"Feature","properties":{"key":"47326015102","name":"美浜二丁目","label":"美浜二丁目","area_km2":0.0873,"pop_2020":254,"pop_2015":347,"male_2020":123,"female_2020":131,"households_2020":135,"u15_2020":38,"w15_64_2020":183,"o65_2020":24,"o75_2020":12,"ratio_u15":15.0,"ratio_w15_64":72.0,"ratio_o65":9.4,"ratio_o75":4.7,"ratio_o65_2015":6.6,"hh_single_ratio":54.1,"hh_avg_members":1.88,"hh_with_o65_ratio":15.6,"hh_with_u18_ratio":18.5,"hh_with_u6_ratio":6.7,"pop_change":-93,"pop_change_ratio":-26.8,"aging_change_pt":2.8,"pop_density":2910},"geometry":{"type":"Polygon","coordinates":[[[127.759873,26.31359],[127.760256,26.313742],[127.76041,26.313803],[127.760683,26.313918],[127.760847,26.313983],[127.761229,26.314156],[127.761025,26.314538],[127.760667,26.315271],[127.760494,26.315597],[127.760284,26.316096],[127.760153,26.316486],[127.760012,26.317029],[127.759924,26.317425],[127.759917,26.317456],[127.759815,26.317918],[127.759765,26.318162],[127.759708,26.318436],[127.759693,26.318496],[127.759605,26.318852],[127.759589,26.318927],[127.75956,26.319056],[127.759466,26.319355],[127.759433,26.319461],[127.759315,26.319748],[127.759085,26.320232],[127.759062,26.320284],[127.758134,26.319943],[127.758193,26.319753],[127.758317,26.319286],[127.75842,26.3187],[127.758528,26.318224],[127.758709,26.317277],[127.758774,26.316993],[127.758846,26.316679],[127.758993,26.316209],[127.759339,26.315368],[127.7596,26.314753],[127.759765,26.314367],[127.759655,26.3135],[127.759873,26.31359]]]}},{"type":"Feature","properties":{"key":"47326015103","name":"美浜三丁目","label":"美浜三丁目","area_km2":0.075,"pop_2020":201,"pop_2015":215,"male_2020":93,"female_2020":108,"households_2020":92,"u15_2020":47,"w15_64_2020":122,"o65_2020":31,"o75_2020":11,"ratio_u15":23.4,"ratio_w15_64":60.7,"ratio_o65":15.4,"ratio_o75":5.5,"ratio_o65_2015":11.2,"hh_single_ratio":38.0,"hh_avg_members":2.18,"hh_with_o65_ratio":23.9,"hh_with_u18_ratio":27.2,"hh_with_u6_ratio":16.3,"pop_change":-14,"pop_change_ratio":-6.5,"aging_change_pt":4.2,"pop_density":2681},"geometry":{"type":"Polygon","coordinates":[[[127.756065,26.324043],[127.755836,26.324291],[127.755471,26.324717],[127.755439,26.324752],[127.755189,26.325027],[127.754881,26.325375],[127.754329,26.324994],[127.75413,26.324854],[127.754117,26.324845],[127.753804,26.324665],[127.753775,26.324648],[127.753885,26.324631],[127.754629,26.323899],[127.75463,26.323898],[127.754688,26.323925],[127.754762,26.323887],[127.754799,26.32386],[127.754913,26.323752],[127.755349,26.323319],[127.755411,26.323257],[127.755653,26.323014],[127.755718,26.322933],[127.756075,26.322486],[127.756313,26.322187],[127.756744,26.321789],[127.756976,26.321518],[127.757287,26.321124],[127.757747,26.320545],[127.757807,26.320469],[127.757869,26.32039],[127.758059,26.320117],[127.758067,26.320099],[127.758134,26.319943],[127.759062,26.320284],[127.759037,26.32034],[127.758998,26.320442],[127.758872,26.320646],[127.758553,26.32115],[127.758409,26.32136],[127.758284,26.321514],[127.758015,26.321829],[127.757728,26.322165],[127.75739,26.322543],[127.757283,26.322672],[127.757202,26.32277],[127.756994,26.322999],[127.756939,26.32306],[127.756724,26.323298],[127.756379,26.323684],[127.756065,26.324043]]]}},{"type":"Feature","properties":{"key":"473260152","name":"字美浜","label":"字美浜","area_km2":0.6305,"pop_2020":804,"pop_2015":null,"male_2020":360,"female_2020":444,"households_2020":319,"u15_2020":102,"w15_64_2020":523,"o65_2020":173,"o75_2020":48,"ratio_u15":12.7,"ratio_w15_64":65.0,"ratio_o65":21.5,"ratio_o75":6.0,"ratio_o65_2015":null,"hh_single_ratio":20.4,"hh_avg_members":2.52,"hh_with_o65_ratio":37.9,"hh_with_u18_ratio":26.0,"hh_with_u6_ratio":7.2,"pop_change":null,"pop_change_ratio":null,"aging_change_pt":null,"pop_density":1275},"geometry":{"type":"Polygon","coordinates":[[[127.755565,26.322728],[127.754974,26.322428],[127.755079,26.322284],[127.754902,26.322181],[127.755034,26.321887],[127.753092,26.320922],[127.75353,26.31968],[127.753667,26.319266],[127.753609,26.319094],[127.753456,26.318828],[127.752682,26.318442],[127.753653,26.31685],[127.753692,26.316841],[127.753814,26.31662],[127.753769,26.316598],[127.753565,26.315936],[127.753428,26.3155],[127.753423,26.31548],[127.753422,26.315463],[127.753429,26.315442],[127.753535,26.315147],[127.753564,26.315066],[127.753818,26.314354],[127.753883,26.314362],[127.753975,26.314093],[127.753992,26.314051],[127.754006,26.314018],[127.75402,26.313997],[127.75403,26.313992],[127.754039,26.31399],[127.754051,26.313997],[127.754061,26.314007],[127.754088,26.314069],[127.754104,26.314098],[127.754136,26.314141],[127.754174,26.314181],[127.754259,26.314254],[127.754305,26.314288],[127.754355,26.314316],[127.754414,26.314338],[127.754477,26.314352],[127.754544,26.314359],[127.754592,26.314358],[127.754639,26.314354],[127.754687,26.314346],[127.754793,26.314314],[127.754845,26.314294],[127.754902,26.314267],[127.754956,26.314236],[127.755007,26.314201],[127.755053,26.314157],[127.755094,26.31411],[127.755131,26.31406],[127.75518,26.313971],[127.755221,26.313879],[127.755257,26.313786],[127.755326,26.313583],[127.755359,26.313481],[127.755411,26.313295],[127.755453,26.313121],[127.755485,26.312958],[127.755496,26.312861],[127.755496,26.312765],[127.755477,26.312671],[127.755453,26.312612],[127.755419,26.312559],[127.755376,26.312512],[127.755336,26.312481],[127.755273,26.312444],[127.755229,26.312426],[127.755182,26.312417],[127.755149,26.312416],[127.755023,26.312431],[127.755016,26.312365],[127.755016,26.312322],[127.754976,26.312315],[127.755002,26.312244],[127.755082,26.312021],[127.755063,26.312012],[127.755089,26.311941],[127.75511,26.311947],[127.755507,26.310837],[127.755745,26.310789],[127.755742,26.310771],[127.755803,26.310759],[127.755805,26.310772],[127.756536,26.310629],[127.757304,26.310477],[127.757826,26.310366],[127.757822,26.310349],[127.75785,26.310343],[127.757855,26.310362],[127.758555,26.310222],[127.759443,26.310043],[127.7602,26.309887],[127.760765,26.309773],[127.760874,26.309745],[127.760874,26.309718],[127.761064,26.30971],[127.761137,26.309708],[127.761327,26.309701],[127.761126,26.310713],[127.760493,26.310449],[127.760308,26.310372],[127.759312,26.312282],[127.759878,26.312562],[127.75998,26.312612],[127.759655,26.3135],[127.759765,26.314367],[127.7596,26.314753],[127.759339,26.315368],[127.758993,26.316209],[127.758846,26.316679],[127.758774,26.316993],[127.758709,26.317277],[127.758528,26.318224],[127.75842,26.3187],[127.758317,26.319286],[127.758193,26.319753],[127.758134,26.319943],[127.758067,26.320099],[127.758059,26.320117],[127.757869,26.32039],[127.757807,26.320469],[127.757747,26.320545],[127.757287,26.321124],[127.756976,26.321518],[127.756744,26.321789],[127.756313,26.322187],[127.756224,26.322147],[127.756031,26.32237],[127.755828,26.322315],[127.755565,26.322728]]]}},{"type":"Feature","properties":{"key":"473260160","name":"字大村","label":"字大村","area_km2":0.1052,"pop_2020":7,"pop_2015":8,"male_2020":2,"female_2020":5,"households_2020":3,"u15_2020":null,"w15_64_2020":null,"o65_2020":null,"o75_2020":null,"ratio_u15":null,"ratio_w15_64":null,"ratio_o65":null,"ratio_o75":null,"ratio_o65_2015":null,"hh_single_ratio":null,"hh_avg_members":null,"hh_with_o65_ratio":null,"hh_with_u18_ratio":null,"hh_with_u6_ratio":null,"pop_change":-1,"pop_change_ratio":-12.5,"aging_change_pt":null,"pop_density":67},"geometry":{"type":"Polygon","coordinates":[[[127.769793,26.310832],[127.769764,26.310834],[127.769546,26.310851],[127.768875,26.310893],[127.76858,26.310903],[127.768625,26.310528],[127.768666,26.310341],[127.768725,26.310254],[127.769186,26.309679],[127.76925,26.309633],[127.769342,26.309625],[127.7696,26.309662],[127.769964,26.309723],[127.770359,26.309565],[127.770612,26.309536],[127.770828,26.309456],[127.77126,26.309414],[127.771476,26.30931],[127.771763,26.309212],[127.771818,26.309137],[127.772044,26.309154],[127.772255,26.308979],[127.772643,26.308819],[127.77279,26.308856],[127.772832,26.309046],[127.772878,26.309046],[127.772874,26.309125],[127.773026,26.30915],[127.773237,26.309141],[127.773499,26.309024],[127.773706,26.308883],[127.773779,26.308783],[127.773848,26.308593],[127.77393,26.308456],[127.774027,26.308368],[127.774477,26.308148],[127.774573,26.308052],[127.775097,26.307906],[127.774999,26.307293],[127.775087,26.307247],[127.775063,26.307218],[127.77544,26.30706],[127.776296,26.307253],[127.776229,26.308012],[127.776083,26.308451],[127.776488,26.308563],[127.776696,26.308823],[127.777004,26.308906],[127.77713,26.308932],[127.777273,26.309088],[127.777003,26.30923],[127.776842,26.30929],[127.776661,26.309307],[127.776471,26.309273],[127.776148,26.309146],[127.775892,26.309026],[127.775711,26.30889],[127.775597,26.308873],[127.775359,26.308813],[127.775084,26.308763],[127.774771,26.30872],[127.774504,26.308694],[127.774353,26.308678],[127.77421,26.308679],[127.774191,26.308773],[127.774211,26.308935],[127.774202,26.309107],[127.774192,26.309201],[127.774088,26.309338],[127.773956,26.309407],[127.773747,26.309501],[127.77332,26.30969],[127.773092,26.309836],[127.772894,26.310127],[127.772799,26.310299],[127.772714,26.310429],[127.772667,26.310436],[127.772448,26.310488],[127.772249,26.310531],[127.771964,26.310608],[127.771902,26.310631],[127.771688,26.310625],[127.771532,26.310625],[127.771471,26.310628],[127.771285,26.310651],[127.771154,26.310666],[127.771138,26.310737],[127.770822,26.310795],[127.770475,26.310837],[127.770263,26.310859],[127.770088,26.310845],[127.76986,26.310829],[127.769793,26.310832]]]}}],"metadata":{"source":"総務省統計局『令和2年国勢調査』『平成27年国勢調査』小地域集計（e-Stat 統計GIS）","boundary":"令和2年国勢調査 町丁・字等別境界データ（世界測地系・JGD2000）","city":"沖縄県中頭郡北谷町"}}